    can_create, _ = self.check_creation_quota(user_id)
                    ~~~~~~~~~~~~~~~~~~~~~~~~~^^^^^^^^^
  File "/home/paraworld/teleform/handlers/user/demande.py", line 70, in check_creation_quota
    max_total = self.config.get_max_total_demandes()
  File "/home/paraworld/teleform/config.py", line 314, in get_max_total_demandes
    val = self._db_manager.get_config_value("max_total_demandes", "0")
  File "/home/paraworld/teleform/database/repositories/admin.py", line 148, in get_config_value
    cursor.execute(sql, (cle,))
    ~~~~~~~~~~~~~~^^^^^^^^^^^^^
  File "/home/paraworld/.local/lib/python3.13/site-packages/dbutils/steady_db.py", line 828, in tough_method
    raise error  # re-raise the original error again
    ^^^^^^^^^^^
  File "/home/paraworld/.local/lib/python3.13/site-packages/dbutils/steady_db.py", line 746, in tough_method
    result = method(*args, **kwargs)  # try to execute
  File "/home/paraworld/.local/lib/python3.13/site-packages/pymysql/cursors.py", line 170, in execute
    result = self._query(query)
  File "/home/paraworld/.local/lib/python3.13/site-packages/pymysql/cursors.py", line 335, in _query
    conn.query(q)
    ~~~~~~~~~~^^^
  File "/home/paraworld/.local/lib/python3.13/site-packages/pymysql/connections.py", line 581, in query
    self._affected_rows = self._read_query_result(unbuffered=unbuffered)
                          ~~~~~~~~~~~~~~~~~~~~~~~^^^^^^^^^^^^^^^^^^^^^^^
  File "/home/paraworld/.local/lib/python3.13/site-packages/pymysql/connections.py", line 857, in _read_query_result
    result.read()
    ~~~~~~~~~~~^^
  File "/home/paraworld/.local/lib/python3.13/site-packages/pymysql/connections.py", line 1290, in read
    first_packet = self.connection._read_packet()
  File "/home/paraworld/.local/lib/python3.13/site-packages/pymysql/connections.py", line 810, in _read_packet
    packet.raise_for_error()
    ~~~~~~~~~~~~~~~~~~~~~~^^
  File "/home/paraworld/.local/lib/python3.13/site-packages/pymysql/protocol.py", line 219, in raise_for_error
    err.raise_mysql_exception(self._data)
    ~~~~~~~~~~~~~~~~~~~~~~~~~^^^^^^^^^^^^
  File "/home/paraworld/.local/lib/python3.13/site-packages/pymysql/err.py", line 154, in raise_mysql_exception
    raise errorclass(errno, errval, sqlstate=sqlstate)
pymysql.err.OperationalError: (1054, "Unknown column 'valeur' in 'field list'")
2026-09-26 22:44:29,393 - httpx - INFO - HTTP Request: POST https://api.telegram.org/bot7580250572:AAHmXuKZGap_jrmDRcgPIK3DhOq1mQ2eb9c/editMessageText "HTTP/1.1 200 OK"
2026-09-26 22:44:29,394 - webhook_app - INFO - ✅ Update 816746589 traitée avec succès.
2026-09-26 22:44:30,377 - webhook_app - INFO - 📩 Update reçue : ID=816746590, type=autre
2026-09-26 22:44:30,512 - httpx - INFO - HTTP Request: POST https://api.telegram.org/bot7580250572:AAHmXuKZGap_jrmDRcgPIK3DhOq1mQ2eb9c/answerCallbackQuery "HTTP/1.1 200 OK"
2026-09-26 22:44:30,667 - httpx - INFO - HTTP Request: POST https://api.telegram.org/bot7580250572:AAHmXuKZGap_jrmDRcgPIK3DhOq1mQ2eb9c/editMessageText "HTTP/1.1 200 OK"
2026-09-26 22:44:30,669 - webhook_app - INFO - ✅ Update 816746590 traitée avec succès.
2026-09-26 22:44:30,682 - apscheduler.executors.default - INFO - Running job "check_and_send_delivery_reminders (trigger: interval[6:00:00], next run at: 2026-09-27 02:44:30 UTC)" (scheduled at 2026-09-26 20:44:30.681517+00:00)
2026-09-26 22:44:30,692 - main - ERROR - Erreur lors de la vérification des rappels de livraison : (1054, "Unknown column 'valeur' in 'field list'")
2026-09-26 22:44:30,693 - apscheduler.executors.default - INFO - Job "check_and_send_delivery_reminders (trigger: interval[6:00:00], next run at: 2026-09-27 02:44:30 UTC)" executed successfully
2026-09-26 22:44:31,960 - webhook_app - INFO - 📩 Update reçue : ID=816746591, type=autre
2026-09-26 22:44:32,094 - httpx - INFO - HTTP Request: POST https://api.telegram.org/bot7580250572:AAHmXuKZGap_jrmDRcgPIK3DhOq1mQ2eb9c/answerCallbackQuery "HTTP/1.1 200 OK"
2026-09-26 22:44:32,106 - main - ERROR - 💥 Exception non interceptée lors de l'update #816746591 : (1054, "Unknown column 'valeur' in 'field list'")
Traceback (most recent call last):
  File "/home/paraworld/.local/lib/python3.13/site-packages/telegram/ext/_application.py", line 1315, in process_update
    await coroutine
  File "/home/paraworld/.local/lib/python3.13/site-packages/telegram/ext/_handlers/conversationhandler.py", line 841, in handle_update
    new_state: object = await handler.handle_update(
                        ^^^^^^^^^^^^^^^^^^^^^^^^^^^^
        update, application, handler_check_result, context
        ^^^^^^^^^^^^^^^^^^^^^^^^^^^^^^^^^^^^^^^^^^^^^^^^^^
    )
    ^
  File "/home/paraworld/.local/lib/python3.13/site-packages/telegram/ext/_handlers/basehandler.py", line 159, in handle_update
    return await self.callback(update, context)
           ^^^^^^^^^^^^^^^^^^^^^^^^^^^^^^^^^^^^
  File "/home/paraworld/teleform/handlers/user/formulaire.py", line 387, in new_demande_from_callback
    if not await self._check_service_active(update, context):
           ^^^^^^^^^^^^^^^^^^^^^^^^^^^^^^^^^^^^^^^^^^^^^^^^^
  File "/home/paraworld/teleform/handlers/user/formulaire.py", line 195, in _check_service_active
    val_enabled = str(self.db_manager.get_config_value("demandes_enabled", "true")).lower()
                      ~~~~~~~~~~~~~~~~~~~~~~~~~~~~~~~~^^^^^^^^^^^^^^^^^^^^^^^^^^^^
  File "/home/paraworld/teleform/database/repositories/admin.py", line 148, in get_config_value
    cursor.execute(sql, (cle,))
    ~~~~~~~~~~~~~~^^^^^^^^^^^^^
  File "/home/paraworld/.local/lib/python3.13/site-packages/dbutils/steady_db.py", line 828, in tough_method
    raise error  # re-raise the original error again
    ^^^^^^^^^^^
  File "/home/paraworld/.local/lib/python3.13/site-packages/dbutils/steady_db.py", line 746, in tough_method
    result = method(*args, **kwargs)  # try to execute
  File "/home/paraworld/.local/lib/python3.13/site-packages/pymysql/cursors.py", line 170, in execute
    result = self._query(query)
  File "/home/paraworld/.local/lib/python3.13/site-packages/pymysql/cursors.py", line 335, in _query
    conn.query(q)
    ~~~~~~~~~~^^^
  File "/home/paraworld/.local/lib/python3.13/site-packages/pymysql/connections.py", line 581, in query
    self._affected_rows = self._read_query_result(unbuffered=unbuffered)
                          ~~~~~~~~~~~~~~~~~~~~~~~^^^^^^^^^^^^^^^^^^^^^^^
  File "/home/paraworld/.local/lib/python3.13/site-packages/pymysql/connections.py", line 857, in _read_query_result
    result.read()
    ~~~~~~~~~~~^^
  File "/home/paraworld/.local/lib/python3.13/site-packages/pymysql/connections.py", line 1290, in read
    first_packet = self.connection._read_packet()
  File "/home/paraworld/.local/lib/python3.13/site-packages/pymysql/connections.py", line 810, in _read_packet
    packet.raise_for_error()
    ~~~~~~~~~~~~~~~~~~~~~~^^
  File "/home/paraworld/.local/lib/python3.13/site-packages/pymysql/protocol.py", line 219, in raise_for_error
    err.raise_mysql_exception(self._data)
    ~~~~~~~~~~~~~~~~~~~~~~~~~^^^^^^^^^^^^
  File "/home/paraworld/.local/lib/python3.13/site-packages/pymysql/err.py", line 154, in raise_mysql_exception
    raise errorclass(errno, errval, sqlstate=sqlstate)
pymysql.err.OperationalError: (1054, "Unknown column 'valeur' in 'field list'")
2026-09-26 22:44:32,259 - httpx - INFO - HTTP Request: POST https://api.telegram.org/bot7580250572:AAHmXuKZGap_jrmDRcgPIK3DhOq1mQ2eb9c/sendMessage "HTTP/1.1 200 OK"
2026-09-26 22:44:32,261 - webhook_app - INFO - ✅ Update 816746591 traitée avec succès.
2026-09-26 22:44:33,946 - webhook_app - INFO - 📩 Update reçue : ID=816746592, type=autre
2026-09-26 22:44:34,085 - httpx - INFO - HTTP Request: POST https://api.telegram.org/bot7580250572:AAHmXuKZGap_jrmDRcgPIK3DhOq1mQ2eb9c/answerCallbackQuery "HTTP/1.1 200 OK"
2026-09-26 22:44:34,235 - httpx - INFO - HTTP Request: POST https://api.telegram.org/bot7580250572:AAHmXuKZGap_jrmDRcgPIK3DhOq1mQ2eb9c/editMessageText "HTTP/1.1 200 OK"
2026-09-26 22:44:34,236 - webhook_app - INFO - ✅ Update 816746592 traitée avec succès.
2026-09-26 22:44:35,668 - webhook_app - INFO - 📩 Update reçue : ID=816746593, type=autre
2026-09-26 22:44:35,800 - httpx - INFO - HTTP Request: POST https://api.telegram.org/bot7580250572:AAHmXuKZGap_jrmDRcgPIK3DhOq1mQ2eb9c/answerCallbackQuery "HTTP/1.1 200 OK"
2026-09-26 22:44:35,815 - main - ERROR - 💥 Exception non interceptée lors de l'update #816746593 : (1054, "Unknown column 'valeur' in 'field list'")
Traceback (most recent call last):
  File "/home/paraworld/.local/lib/python3.13/site-packages/telegram/ext/_application.py", line 1315, in process_update
    await coroutine
  File "/home/paraworld/.local/lib/python3.13/site-packages/telegram/ext/_handlers/basehandler.py", line 159, in handle_update
    return await self.callback(update, context)
           ^^^^^^^^^^^^^^^^^^^^^^^^^^^^^^^^^^^^
  File "/home/paraworld/teleform/main.py", line 633, in wrapped_interface_callbacks
    return await self.user_handlers.handle_interface_callbacks(update, context)
           ^^^^^^^^^^^^^^^^^^^^^^^^^^^^^^^^^^^^^^^^^^^^^^^^^^^^^^^^^^^^^^^^^^^^
  File "/home/paraworld/teleform/handlers/user_handlers.py", line 584, in handle_interface_callbacks
    message, keyboard = self.interface.route_callback(data, user_id, first_name)
                        ~~~~~~~~~~~~~~~~~~~~~~~~~~~~~^^^^^^^^^^^^^^^^^^^^^^^^^^^
  File "/home/paraworld/teleform/utils/interface_manager.py", line 160, in route_callback
    res = handler()
  File "/home/paraworld/teleform/utils/interface_manager.py", line 69, in get_gerer_bot_menu
    return self.admin_ui.get_gerer_bot_menu()
           ~~~~~~~~~~~~~~~~~~~~~~~~~~~~~~~~^^
  File "/home/paraworld/teleform/utils/keyboards/admin.py", line 72, in get_gerer_bot_menu
    val_demandes = str(self.db_manager.get_config_value("demandes_enabled", "true")).lower()
                       ~~~~~~~~~~~~~~~~~~~~~~~~~~~~~~~~^^^^^^^^^^^^^^^^^^^^^^^^^^^^
  File "/home/paraworld/teleform/database/repositories/admin.py", line 148, in get_config_value
    cursor.execute(sql, (cle,))
    ~~~~~~~~~~~~~~^^^^^^^^^^^^^
  File "/home/paraworld/.local/lib/python3.13/site-packages/dbutils/steady_db.py", line 828, in tough_method
    raise error  # re-raise the original error again
    ^^^^^^^^^^^
  File "/home/paraworld/.local/lib/python3.13/site-packages/dbutils/steady_db.py", line 746, in tough_method
    result = method(*args, **kwargs)  # try to execute
  File "/home/paraworld/.local/lib/python3.13/site-packages/pymysql/cursors.py", line 170, in execute
    result = self._query(query)
  File "/home/paraworld/.local/lib/python3.13/site-packages/pymysql/cursors.py", line 335, in _query
    conn.query(q)
    ~~~~~~~~~~^^^
  File "/home/paraworld/.local/lib/python3.13/site-packages/pymysql/connections.py", line 581, in query
    self._affected_rows = self._read_query_result(unbuffered=unbuffered)
                          ~~~~~~~~~~~~~~~~~~~~~~~^^^^^^^^^^^^^^^^^^^^^^^
  File "/home/paraworld/.local/lib/python3.13/site-packages/pymysql/connections.py", line 857, in _read_query_result
    result.read()
    ~~~~~~~~~~~^^
  File "/home/paraworld/.local/lib/python3.13/site-packages/pymysql/connections.py", line 1290, in read
    first_packet = self.connection._read_packet()
  File "/home/paraworld/.local/lib/python3.13/site-packages/pymysql/connections.py", line 810, in _read_packet
    packet.raise_for_error()
    ~~~~~~~~~~~~~~~~~~~~~~^^
  File "/home/paraworld/.local/lib/python3.13/site-packages/pymysql/protocol.py", line 219, in raise_for_error
    err.raise_mysql_exception(self._data)
    ~~~~~~~~~~~~~~~~~~~~~~~~~^^^^^^^^^^^^
  File "/home/paraworld/.local/lib/python3.13/site-packages/pymysql/err.py", line 154, in raise_mysql_exception
    raise errorclass(errno, errval, sqlstate=sqlstate)
pymysql.err.OperationalError: (1054, "Unknown column 'valeur' in 'field list'")
2026-09-26 22:44:35,985 - httpx - INFO - HTTP Request: POST https://api.telegram.org/bot7580250572:AAHmXuKZGap_jrmDRcgPIK3DhOq1mQ2eb9c/sendMessage "HTTP/1.1 200 OK"
2026-09-26 22:44:35,986 - webhook_app - INFO - ✅ Update 816746593 traitée avec succès.
2026-09-26 22:44:45,692 - apscheduler.executors.default - INFO - Running job "check_and_send_paid_delivery_reminders (trigger: interval[1 day, 0:00:00], next run at: 2026-09-27 20:44:45 UTC)" (scheduled at 2026-09-26 20:44:45.681833+00:00)
2026-09-26 22:44:45,693 - main - ERROR - Erreur lors de la vérification des rappels de livraison payée : 'DatabaseManager' object has no attribute 'get_paid_undelivered_demandes_for_reminder'
2026-09-26 22:44:45,693 - apscheduler.executors.default - INFO - Job "check_and_send_paid_delivery_reminders (trigger: interval[1 day, 0:00:00], next run at: 2026-09-27 20:44:45 UTC)" executed successfully
2026-09-26 22:45:00,697 - apscheduler.executors.default - INFO - Running job "check_and_send_unpaid_demande_reminders (trigger: interval[6:00:00], next run at: 2026-09-27 02:45:00 UTC)" (scheduled at 2026-09-26 20:45:00.682182+00:00)
2026-09-26 22:45:00,698 - main - ERROR - Erreur vérification rappels d'impayés demandeurs : 'DatabaseManager' object has no attribute 'get_unpaid_reussie_demandes_for_reminder'
2026-09-26 22:45:00,698 - apscheduler.executors.default - INFO - Job "check_and_send_unpaid_demande_reminders (trigger: interval[6:00:00], next run at: 2026-09-27 02:45:00 UTC)" executed successfully
2026-09-26 22:45:15,697 - apscheduler.executors.default - INFO - Running job "check_and_auto_abandon_expired_remun_demandes (trigger: interval[6:00:00], next run at: 2026-09-27 02:45:15 UTC)" (scheduled at 2026-09-26 20:45:15.682484+00:00)
2026-09-26 22:45:15,717 - main - ERROR - Erreur lors de la vérification de l'abandon automatique pour délai de rémunération : (1054, "Unknown column 'valeur' in 'field list'")
2026-09-26 22:45:15,717 - apscheduler.executors.default - INFO - Job "check_and_auto_abandon_expired_remun_demandes (trigger: interval[6:00:00], next run at: 2026-09-27 02:45:15 UTC)" executed successfully
2026-09-26 22:47:50,533 - config - INFO - Toutes les variables d'environnement requises sont présentes
2026-09-26 22:48:10,933 - webhook_app - INFO - ⚡ Initialisation post-fork du Bot et de l'Event Loop (PID: 2)
2026-09-26 22:48:10,939 - config - INFO - Toutes les variables d'environnement requises sont présentes
2026-09-26 22:48:11,405 - database.connection - INFO - Pool de connexions MySQL initialisé avec succès sur paraworld.mysql.eu.pythonanywhere-services.com:3306 (base: paraworld$telegramDB).
2026-09-26 22:48:11,623 - database.schema - INFO - Schémas et tables MySQL initialisés avec succès.
2026-09-26 22:48:11,624 - config - INFO - Cache rôles chargé : 2 owners, 3 admins (managers) et 1 staff (opérateurs)
2026-09-26 22:48:11,627 - handlers.user.compte - INFO - CompteManager initialisé avec support réglages VIP
2026-09-26 22:48:11,627 - handlers.user.navigation - INFO - NavigationManager initialisé avec support Orientation & Staff
2026-09-26 22:48:11,628 - handlers.user.formulaire - INFO - FormulaireManager initialisé avec support VIP Assignée & Auto-Assign
2026-09-26 22:48:11,628 - handlers.user.demande - INFO - DemandeManager initialisé avec charte graphique unifiée et support RBAC
2026-09-26 22:48:11,628 - handlers.user.edition - INFO - EditionManager initialisé avec support du prix plancher prioritaire et requêtes précompilées
2026-09-26 22:48:11,629 - handlers.staff.suivi - INFO - SuiviManager initialisé avec charte graphique unifiée, confirmation de paiement et surveillance
2026-09-26 22:48:11,629 - handlers.staff.notifs - INFO - NotifsManager initialisé avec support Staff/Admin, Surveillance & Paiement Prio
2026-09-26 22:48:11,629 - handlers.staff.statuts - INFO - StatutsManager initialisé avec support Staff/Admin, Surveillance et Dénouement Période d'essai
2026-09-26 22:48:11,629 - handlers.staff.photos - INFO - PhotosManager initialisé avec supervision hiérarchique
2026-09-26 22:48:11,630 - handlers.staff.notifs - INFO - NotifsManager initialisé avec support Staff/Admin, Surveillance & Paiement Prio
2026-09-26 22:48:11,630 - handlers.staff.dispo - INFO - DispoManager initialisé avec disposition conforme et indicateur de rémunération
2026-09-26 22:48:11,630 - handlers.staff.alias - INFO - AliasManager initialisé avec support Staff/Admin
2026-09-26 22:48:11,630 - handlers.staff.notifs - INFO - NotifsManager initialisé avec support Staff/Admin, Surveillance & Paiement Prio
2026-09-26 22:48:11,630 - handlers.staff.contact - INFO - ContactManager initialisé avec support Multi-Owner
2026-09-26 22:48:11,630 - handlers.staff.profils - INFO - ProfilsManager initialisé avec supervision hiérarchique et contrôle des bannissements
2026-09-26 22:48:11,630 - handlers.staff.archives - INFO - ArchivesManager initialisé avec support double vue (personnelle & générale)
2026-09-26 22:48:11,631 - handlers.staff.alias - INFO - AliasManager initialisé avec support Staff/Admin
2026-09-26 22:48:11,631 - handlers.staff.archives - INFO - ArchivesManager initialisé avec support double vue (personnelle & générale)
2026-09-26 22:48:11,631 - handlers.admin.config - INFO - ConfigManager initialisé avec support Délais, Quotas, Rappels & Rémunération
2026-09-26 22:48:11,631 - handlers.admin.stats - INFO - StatsManager initialisé avec support RBAC
2026-09-26 22:48:11,631 - handlers.admin.bot - INFO - BotManager initialisé avec support Multi-Owner
2026-09-26 22:48:11,632 - handlers.admin.staff - INFO - StaffManager initialisé avec pré-configuration avant validation
2026-09-26 22:48:11,632 - handlers.admin_handlers - INFO - AdminHandlers initialisé avec architecture allégée (Purge, Membres, VIPs isolés).
2026-09-26 22:48:11,849 - root - ERROR - /home/paraworld/teleform/handlers/user/formulaire.py:81: PTBUserWarning: If 'per_message=False', 'CallbackQueryHandler' will not be tracked for every message. Read this FAQ entry to learn more about the per_* settings: https://github.com/python-telegram-bot/python-telegram-bot/wiki/Frequently-Asked-Questions#what-do-the-per_-settings-in-conversationhandler-do.
2026-09-26 22:48:11,849 - root - ERROR -   return ConversationHandler(
2026-09-26 22:48:11,851 - root - ERROR - /home/paraworld/teleform/main.py:679: PTBUserWarning: If 'per_message=False', 'CallbackQueryHandler' will not be tracked for every message. Read this FAQ entry to learn more about the per_* settings: https://github.com/python-telegram-bot/python-telegram-bot/wiki/Frequently-Asked-Questions#what-do-the-per_-settings-in-conversationhandler-do.
2026-09-26 22:48:11,851 - root - ERROR -   modify_alias_conv = ConversationHandler(
2026-09-26 22:48:11,852 - root - ERROR - /home/paraworld/teleform/main.py:699: PTBUserWarning: If 'per_message=False', 'CallbackQueryHandler' will not be tracked for every message. Read this FAQ entry to learn more about the per_* settings: https://github.com/python-telegram-bot/python-telegram-bot/wiki/Frequently-Asked-Questions#what-do-the-per_-settings-in-conversationhandler-do.
2026-09-26 22:48:11,852 - root - ERROR -   contact_owner_conv = ConversationHandler(
2026-09-26 22:48:11,852 - root - ERROR - /home/paraworld/teleform/main.py:722: PTBUserWarning: If 'per_message=False', 'CallbackQueryHandler' will not be tracked for every message. Read this FAQ entry to learn more about the per_* settings: https://github.com/python-telegram-bot/python-telegram-bot/wiki/Frequently-Asked-Questions#what-do-the-per_-settings-in-conversationhandler-do.
2026-09-26 22:48:11,852 - root - ERROR -   owner_reply_conv = ConversationHandler(
2026-09-26 22:48:11,854 - root - ERROR - /home/paraworld/teleform/main.py:745: PTBUserWarning: If 'per_message=False', 'CallbackQueryHandler' will not be tracked for every message. Read this FAQ entry to learn more about the per_* settings: https://github.com/python-telegram-bot/python-telegram-bot/wiki/Frequently-Asked-Questions#what-do-the-per_-settings-in-conversationhandler-do.
2026-09-26 22:48:11,854 - root - ERROR -   add_staff_conv = ConversationHandler(
2026-09-26 22:48:11,854 - root - ERROR - /home/paraworld/teleform/main.py:771: PTBUserWarning: If 'per_message=False', 'CallbackQueryHandler' will not be tracked for every message. Read this FAQ entry to learn more about the per_* settings: https://github.com/python-telegram-bot/python-telegram-bot/wiki/Frequently-Asked-Questions#what-do-the-per_-settings-in-conversationhandler-do.
2026-09-26 22:48:11,855 - root - ERROR -   remove_staff_conv = ConversationHandler(
2026-09-26 22:48:11,855 - root - ERROR - /home/paraworld/teleform/main.py:797: PTBUserWarning: If 'per_message=False', 'CallbackQueryHandler' will not be tracked for every message. Read this FAQ entry to learn more about the per_* settings: https://github.com/python-telegram-bot/python-telegram-bot/wiki/Frequently-Asked-Questions#what-do-the-per_-settings-in-conversationhandler-do.
2026-09-26 22:48:11,855 - root - ERROR -   add_admin_conv = ConversationHandler(
2026-09-26 22:48:11,856 - root - ERROR - /home/paraworld/teleform/main.py:817: PTBUserWarning: If 'per_message=False', 'CallbackQueryHandler' will not be tracked for every message. Read this FAQ entry to learn more about the per_* settings: https://github.com/python-telegram-bot/python-telegram-bot/wiki/Frequently-Asked-Questions#what-do-the-per_-settings-in-conversationhandler-do.
2026-09-26 22:48:11,856 - root - ERROR -   remove_admin_conv = ConversationHandler(
2026-09-26 22:48:11,856 - root - ERROR - /home/paraworld/teleform/main.py:843: PTBUserWarning: If 'per_message=False', 'CallbackQueryHandler' will not be tracked for every message. Read this FAQ entry to learn more about the per_* settings: https://github.com/python-telegram-bot/python-telegram-bot/wiki/Frequently-Asked-Questions#what-do-the-per_-settings-in-conversationhandler-do.
2026-09-26 22:48:11,856 - root - ERROR -   add_vip_conv = ConversationHandler(
2026-09-26 22:48:11,857 - root - ERROR - /home/paraworld/teleform/main.py:867: PTBUserWarning: If 'per_message=False', 'CallbackQueryHandler' will not be tracked for every message. Read this FAQ entry to learn more about the per_* settings: https://github.com/python-telegram-bot/python-telegram-bot/wiki/Frequently-Asked-Questions#what-do-the-per_-settings-in-conversationhandler-do.
2026-09-26 22:48:11,857 - root - ERROR -   remove_vip_conv = ConversationHandler(
2026-09-26 22:48:11,863 - apscheduler.scheduler - INFO - Adding job tentatively -- it will be properly scheduled when the scheduler starts
2026-09-26 22:48:11,865 - apscheduler.scheduler - INFO - Adding job tentatively -- it will be properly scheduled when the scheduler starts
2026-09-26 22:48:11,865 - apscheduler.scheduler - INFO - Adding job tentatively -- it will be properly scheduled when the scheduler starts
2026-09-26 22:48:11,866 - apscheduler.scheduler - INFO - Adding job tentatively -- it will be properly scheduled when the scheduler starts
2026-09-26 22:48:11,866 - apscheduler.scheduler - INFO - Adding job tentatively -- it will be properly scheduled when the scheduler starts
2026-09-26 22:48:11,866 - apscheduler.scheduler - INFO - Adding job tentatively -- it will be properly scheduled when the scheduler starts
2026-09-26 22:48:11,867 - main - INFO - ⏰ Tâches JobQueue configurées et actives.
2026-09-26 22:48:11,923 - httpx - INFO - HTTP Request: POST https://api.telegram.org/bot7580250572:AAHmXuKZGap_jrmDRcgPIK3DhOq1mQ2eb9c/getMe "HTTP/1.1 200 OK"
2026-09-26 22:48:11,924 - apscheduler.scheduler - INFO - Added job "check_and_send_admin_reminders" to job store "default"
2026-09-26 22:48:11,925 - apscheduler.scheduler - INFO - Added job "check_and_auto_archive_demandes" to job store "default"
2026-09-26 22:48:11,925 - apscheduler.scheduler - INFO - Added job "check_and_send_delivery_reminders" to job store "default"
2026-09-26 22:48:11,925 - apscheduler.scheduler - INFO - Added job "check_and_send_paid_delivery_reminders" to job store "default"
2026-09-26 22:48:11,925 - apscheduler.scheduler - INFO - Added job "check_and_send_unpaid_demande_reminders" to job store "default"
2026-09-26 22:48:11,925 - apscheduler.scheduler - INFO - Added job "check_and_auto_abandon_expired_remun_demandes" to job store "default"
2026-09-26 22:48:11,926 - apscheduler.scheduler - INFO - Scheduler started
2026-09-26 22:48:11,926 - telegram.ext.Application - INFO - Application started
2026-09-26 22:48:11,926 - webhook_app - INFO - ✅ Bot Telegram opérationnel dans le worker PID 2
2026-09-26 22:48:11,927 - webhook_app - INFO - 📩 Update reçue : ID=816746594, type=/start
2026-09-26 22:48:11,930 - handlers.user_handlers - INFO - 🚀 Exécution de /start pour user_id=1340055152 (Tom)
2026-09-26 22:48:11,930 - handlers.user.compte - ERROR - Erreur enregistrement utilisateur 1340055152 : 'SteadyDBConnection' object has no attribute 'autocommit'
Traceback (most recent call last):
  File "/home/paraworld/teleform/handlers/user/compte.py", line 31, in ensure_user_registered
    with self.db_manager.transaction() as cursor:
         ~~~~~~~~~~~~~~~~~~~~~~~~~~~^^
  File "/usr/local/lib/python3.13/contextlib.py", line 141, in __enter__
    return next(self.gen)
  File "/home/paraworld/teleform/database/connection.py", line 113, in transaction
    conn.autocommit(False)
    ^^^^^^^^^^^^^^^
  File "/home/paraworld/.local/lib/python3.13/site-packages/dbutils/pooled_db.py", line 471, in __getattr__
    return getattr(self._con, name)
AttributeError: 'SteadyDBConnection' object has no attribute 'autocommit'
2026-09-26 22:48:12,098 - httpx - INFO - HTTP Request: POST https://api.telegram.org/bot7580250572:AAHmXuKZGap_jrmDRcgPIK3DhOq1mQ2eb9c/sendMessage "HTTP/1.1 200 OK"
2026-09-26 22:48:12,099 - handlers.user_handlers - INFO - ✅ Message de bienvenue envoyé avec succès à 1340055152
2026-09-26 22:48:12,100 - webhook_app - INFO - ✅ Update 816746594 traitée avec succès.
2026-09-26 22:48:13,191 - webhook_app - INFO - 📩 Update reçue : ID=816746595, type=autre
2026-09-26 22:48:13,338 - httpx - INFO - HTTP Request: POST https://api.telegram.org/bot7580250572:AAHmXuKZGap_jrmDRcgPIK3DhOq1mQ2eb9c/answerCallbackQuery "HTTP/1.1 200 OK"
2026-09-26 22:48:13,468 - httpx - INFO - HTTP Request: POST https://api.telegram.org/bot7580250572:AAHmXuKZGap_jrmDRcgPIK3DhOq1mQ2eb9c/answerCallbackQuery "HTTP/1.1 200 OK"
2026-09-26 22:48:13,494 - database.repositories.admin - ERROR - Erreur get_config_value (max_total_demandes) : (1054, "Unknown column 'name' in 'where clause'")
2026-09-26 22:48:13,506 - database.repositories.admin - ERROR - Erreur get_config_value (max_demandes_per_user) : (1054, "Unknown column 'name' in 'where clause'")
2026-09-26 22:48:13,508 - handlers.user.demande - ERROR - Erreur consultation demandes : ArchiveRepository.get_archives_count() got an unexpected keyword argument 'user_id'
Traceback (most recent call last):
  File "/home/paraworld/teleform/handlers/user/demande.py", line 192, in show_demande_page
    keyboard = self._build_navigation_keyboard(demande, page, total_pages, user_id)
  File "/home/paraworld/teleform/handlers/user/demande.py", line 392, in _build_navigation_keyboard
    nb_archives = self.db_manager.get_archives_count(user_id=user_id)
TypeError: ArchiveRepository.get_archives_count() got an unexpected keyword argument 'user_id'
2026-09-26 22:48:13,656 - httpx - INFO - HTTP Request: POST https://api.telegram.org/bot7580250572:AAHmXuKZGap_jrmDRcgPIK3DhOq1mQ2eb9c/editMessageText "HTTP/1.1 200 OK"
2026-09-26 22:48:13,657 - webhook_app - INFO - ✅ Update 816746595 traitée avec succès.
2026-09-26 22:48:14,784 - webhook_app - INFO - 📩 Update reçue : ID=816746596, type=autre
2026-09-26 22:48:14,919 - httpx - INFO - HTTP Request: POST https://api.telegram.org/bot7580250572:AAHmXuKZGap_jrmDRcgPIK3DhOq1mQ2eb9c/answerCallbackQuery "HTTP/1.1 200 OK"
2026-09-26 22:48:15,082 - httpx - INFO - HTTP Request: POST https://api.telegram.org/bot7580250572:AAHmXuKZGap_jrmDRcgPIK3DhOq1mQ2eb9c/editMessageText "HTTP/1.1 200 OK"
2026-09-26 22:48:15,083 - webhook_app - INFO - ✅ Update 816746596 traitée avec succès.
2026-09-26 22:48:15,901 - webhook_app - INFO - 📩 Update reçue : ID=816746597, type=autre
2026-09-26 22:48:16,042 - httpx - INFO - HTTP Request: POST https://api.telegram.org/bot7580250572:AAHmXuKZGap_jrmDRcgPIK3DhOq1mQ2eb9c/answerCallbackQuery "HTTP/1.1 200 OK"
2026-09-26 22:48:16,195 - httpx - INFO - HTTP Request: POST https://api.telegram.org/bot7580250572:AAHmXuKZGap_jrmDRcgPIK3DhOq1mQ2eb9c/editMessageText "HTTP/1.1 200 OK"
2026-09-26 22:48:16,196 - webhook_app - INFO - ✅ Update 816746597 traitée avec succès.
2026-09-26 22:48:16,929 - webhook_app - INFO - 📩 Update reçue : ID=816746598, type=autre
2026-09-26 22:48:17,066 - httpx - INFO - HTTP Request: POST https://api.telegram.org/bot7580250572:AAHmXuKZGap_jrmDRcgPIK3DhOq1mQ2eb9c/answerCallbackQuery "HTTP/1.1 200 OK"
2026-09-26 22:48:17,071 - handlers.staff_handlers - WARNING - Tentative d'accès staff refusée pour l'utilisateur 1340055152
2026-09-26 22:48:17,071 - webhook_app - INFO - ✅ Update 816746598 traitée avec succès.
2026-09-26 22:48:18,578 - webhook_app - INFO - 📩 Update reçue : ID=816746599, type=autre
2026-09-26 22:48:18,716 - httpx - INFO - HTTP Request: POST https://api.telegram.org/bot7580250572:AAHmXuKZGap_jrmDRcgPIK3DhOq1mQ2eb9c/answerCallbackQuery "HTTP/1.1 200 OK"
2026-09-26 22:48:18,720 - handlers.staff_handlers - WARNING - Tentative d'accès staff refusée pour l'utilisateur 1340055152
2026-09-26 22:48:18,720 - webhook_app - INFO - ✅ Update 816746599 traitée avec succès.
2026-09-26 22:48:19,504 - webhook_app - INFO - 📩 Update reçue : ID=816746600, type=autre
2026-09-26 22:48:19,651 - httpx - INFO - HTTP Request: POST https://api.telegram.org/bot7580250572:AAHmXuKZGap_jrmDRcgPIK3DhOq1mQ2eb9c/answerCallbackQuery "HTTP/1.1 200 OK"
2026-09-26 22:48:19,928 - httpx - INFO - HTTP Request: POST https://api.telegram.org/bot7580250572:AAHmXuKZGap_jrmDRcgPIK3DhOq1mQ2eb9c/editMessageText "HTTP/1.1 200 OK"
2026-09-26 22:48:19,930 - webhook_app - INFO - ✅ Update 816746600 traitée avec succès.
2026-09-26 22:48:21,105 - webhook_app - INFO - 📩 Update reçue : ID=816746601, type=autre
2026-09-26 22:48:21,248 - httpx - INFO - HTTP Request: POST https://api.telegram.org/bot7580250572:AAHmXuKZGap_jrmDRcgPIK3DhOq1mQ2eb9c/answerCallbackQuery "HTTP/1.1 200 OK"
2026-09-26 22:48:21,265 - database.repositories.admin - ERROR - Erreur get_config_value (demandes_enabled) : (1054, "Unknown column 'name' in 'where clause'")
2026-09-26 22:48:21,276 - database.repositories.admin - ERROR - Erreur get_config_value (max_total_demandes) : (1054, "Unknown column 'name' in 'where clause'")
2026-09-26 22:48:21,287 - database.repositories.admin - ERROR - Erreur get_config_value (max_demandes_per_user) : (1054, "Unknown column 'name' in 'where clause'")
2026-09-26 22:48:21,289 - handlers.user.compte - ERROR - Erreur enregistrement utilisateur 1340055152 : 'SteadyDBConnection' object has no attribute 'autocommit'
Traceback (most recent call last):
  File "/home/paraworld/teleform/handlers/user/compte.py", line 31, in ensure_user_registered
    with self.db_manager.transaction() as cursor:
         ~~~~~~~~~~~~~~~~~~~~~~~~~~~^^
  File "/usr/local/lib/python3.13/contextlib.py", line 141, in __enter__
    return next(self.gen)
  File "/home/paraworld/teleform/database/connection.py", line 113, in transaction
    conn.autocommit(False)
    ^^^^^^^^^^^^^^^
  File "/home/paraworld/.local/lib/python3.13/site-packages/dbutils/pooled_db.py", line 471, in __getattr__
    return getattr(self._con, name)
AttributeError: 'SteadyDBConnection' object has no attribute 'autocommit'
2026-09-26 22:48:21,432 - httpx - INFO - HTTP Request: POST https://api.telegram.org/bot7580250572:AAHmXuKZGap_jrmDRcgPIK3DhOq1mQ2eb9c/editMessageText "HTTP/1.1 200 OK"
2026-09-26 22:48:21,433 - webhook_app - INFO - ✅ Update 816746601 traitée avec succès.
2026-09-26 22:48:24,203 - webhook_app - INFO - 📩 Update reçue : ID=816746602, type=/start
2026-09-26 22:48:24,207 - handlers.user_handlers - INFO - 🚀 Exécution de /start pour user_id=1340055152 (Tom)
2026-09-26 22:48:24,208 - handlers.user.compte - ERROR - Erreur enregistrement utilisateur 1340055152 : 'SteadyDBConnection' object has no attribute 'autocommit'
Traceback (most recent call last):
  File "/home/paraworld/teleform/handlers/user/compte.py", line 31, in ensure_user_registered
    with self.db_manager.transaction() as cursor:
         ~~~~~~~~~~~~~~~~~~~~~~~~~~~^^
  File "/usr/local/lib/python3.13/contextlib.py", line 141, in __enter__
    return next(self.gen)
  File "/home/paraworld/teleform/database/connection.py", line 113, in transaction
    conn.autocommit(False)
    ^^^^^^^^^^^^^^^
  File "/home/paraworld/.local/lib/python3.13/site-packages/dbutils/pooled_db.py", line 471, in __getattr__
    return getattr(self._con, name)
AttributeError: 'SteadyDBConnection' object has no attribute 'autocommit'
2026-09-26 22:48:24,379 - httpx - INFO - HTTP Request: POST https://api.telegram.org/bot7580250572:AAHmXuKZGap_jrmDRcgPIK3DhOq1mQ2eb9c/sendMessage "HTTP/1.1 200 OK"
2026-09-26 22:48:24,380 - handlers.user_handlers - INFO - ✅ Message de bienvenue envoyé avec succès à 1340055152
2026-09-26 22:48:24,381 - webhook_app - INFO - ✅ Update 816746602 traitée avec succès.
2026-09-26 22:48:25,728 - webhook_app - INFO - 📩 Update reçue : ID=816746603, type=autre
2026-09-26 22:48:25,865 - httpx - INFO - HTTP Request: POST https://api.telegram.org/bot7580250572:AAHmXuKZGap_jrmDRcgPIK3DhOq1mQ2eb9c/answerCallbackQuery "HTTP/1.1 200 OK"
2026-09-26 22:48:26,031 - httpx - INFO - HTTP Request: POST https://api.telegram.org/bot7580250572:AAHmXuKZGap_jrmDRcgPIK3DhOq1mQ2eb9c/editMessageText "HTTP/1.1 200 OK"
2026-09-26 22:48:26,033 - webhook_app - INFO - ✅ Update 816746603 traitée avec succès.
2026-09-26 22:48:26,863 - apscheduler.executors.default - INFO - Running job "check_and_send_admin_reminders (trigger: interval[1:00:00], next run at: 2026-09-26 21:48:26 UTC)" (scheduled at 2026-09-26 20:48:26.861377+00:00)
2026-09-26 22:48:26,869 - apscheduler.executors.default - INFO - Job "check_and_send_admin_reminders (trigger: interval[1:00:00], next run at: 2026-09-26 21:48:26 UTC)" executed successfully
2026-09-26 22:48:27,362 - webhook_app - INFO - 📩 Update reçue : ID=816746604, type=autre
2026-09-26 22:48:27,527 - httpx - INFO - HTTP Request: POST https://api.telegram.org/bot7580250572:AAHmXuKZGap_jrmDRcgPIK3DhOq1mQ2eb9c/answerCallbackQuery "HTTP/1.1 200 OK"
2026-09-26 22:48:27,683 - httpx - INFO - HTTP Request: POST https://api.telegram.org/bot7580250572:AAHmXuKZGap_jrmDRcgPIK3DhOq1mQ2eb9c/editMessageText "HTTP/1.1 200 OK"
2026-09-26 22:48:27,686 - webhook_app - INFO - ✅ Update 816746604 traitée avec succès.
2026-09-26 22:48:28,748 - webhook_app - INFO - 📩 Update reçue : ID=816746605, type=autre
2026-09-26 22:48:28,885 - httpx - INFO - HTTP Request: POST https://api.telegram.org/bot7580250572:AAHmXuKZGap_jrmDRcgPIK3DhOq1mQ2eb9c/answerCallbackQuery "HTTP/1.1 200 OK"
2026-09-26 22:48:29,048 - httpx - INFO - HTTP Request: POST https://api.telegram.org/bot7580250572:AAHmXuKZGap_jrmDRcgPIK3DhOq1mQ2eb9c/editMessageText "HTTP/1.1 200 OK"
2026-09-26 22:48:29,049 - webhook_app - INFO - ✅ Update 816746605 traitée avec succès.
2026-09-26 22:48:29,708 - webhook_app - INFO - 📩 Update reçue : ID=816746606, type=autre
2026-09-26 22:48:29,839 - httpx - INFO - HTTP Request: POST https://api.telegram.org/bot7580250572:AAHmXuKZGap_jrmDRcgPIK3DhOq1mQ2eb9c/answerCallbackQuery "HTTP/1.1 200 OK"
2026-09-26 22:48:29,859 - database.repositories.admin - ERROR - Erreur get_config_value (demandes_enabled) : (1054, "Unknown column 'name' in 'where clause'")
2026-09-26 22:48:30,016 - httpx - INFO - HTTP Request: POST https://api.telegram.org/bot7580250572:AAHmXuKZGap_jrmDRcgPIK3DhOq1mQ2eb9c/editMessageText "HTTP/1.1 200 OK"
2026-09-26 22:48:30,018 - webhook_app - INFO - ✅ Update 816746606 traitée avec succès.
2026-09-26 22:48:31,100 - webhook_app - INFO - 📩 Update reçue : ID=816746607, type=autre
2026-09-26 22:48:31,235 - httpx - INFO - HTTP Request: POST https://api.telegram.org/bot7580250572:AAHmXuKZGap_jrmDRcgPIK3DhOq1mQ2eb9c/answerCallbackQuery "HTTP/1.1 200 OK"
2026-09-26 22:48:31,246 - database.repositories.admin - ERROR - Erreur get_config_value (demandes_enabled) : (1054, "Unknown column 'name' in 'where clause'")
2026-09-26 22:48:31,256 - database.repositories.admin - ERROR - Erreur set_config_value (demandes_enabled=false) : (1054, "Unknown column 'name' in 'field list'")
2026-09-26 22:48:31,266 - database.repositories.admin - ERROR - Erreur get_config_value (demandes_enabled) : (1054, "Unknown column 'name' in 'where clause'")
2026-09-26 22:48:31,404 - httpx - INFO - HTTP Request: POST https://api.telegram.org/bot7580250572:AAHmXuKZGap_jrmDRcgPIK3DhOq1mQ2eb9c/editMessageText "HTTP/1.1 400 Bad Request"
2026-09-26 22:48:31,405 - webhook_app - INFO - ✅ Update 816746607 traitée avec succès.
2026-09-26 22:48:41,874 - apscheduler.executors.default - INFO - Running job "check_and_auto_archive_demandes (trigger: interval[1:00:00], next run at: 2026-09-26 21:48:41 UTC)" (scheduled at 2026-09-26 20:48:41.863592+00:00)
2026-09-26 22:48:41,887 - database.repositories.admin - ERROR - Erreur get_config_value (auto_archive_hours) : (1054, "Unknown column 'name' in 'where clause'")
2026-09-26 22:48:41,887 - main - ERROR - Erreur exécution auto-archivage : 'DatabaseManager' object has no attribute 'get_expired_delivered_demandes'
2026-09-26 22:48:41,888 - apscheduler.executors.default - INFO - Job "check_and_auto_archive_demandes (trigger: interval[1:00:00], next run at: 2026-09-26 21:48:41 UTC)" executed successfully
2026-09-26 22:48:56,881 - apscheduler.executors.default - INFO - Running job "check_and_send_delivery_reminders (trigger: interval[6:00:00], next run at: 2026-09-27 02:48:56 UTC)" (scheduled at 2026-09-26 20:48:56.865617+00:00)
2026-09-26 22:48:56,896 - database.repositories.admin - ERROR - Erreur get_config_value (delivery_reminder_days) : (1054, "Unknown column 'name' in 'where clause'")
2026-09-26 22:48:56,897 - main - ERROR - Erreur lors de la vérification des rappels de livraison : 'DatabaseManager' object has no attribute 'get_undelivered_terminee_demandes_for_reminder'
2026-09-26 22:48:56,897 - apscheduler.executors.default - INFO - Job "check_and_send_delivery_reminders (trigger: interval[6:00:00], next run at: 2026-09-27 02:48:56 UTC)" executed successfully
2026-09-26 22:49:11,883 - apscheduler.executors.default - INFO - Running job "check_and_send_paid_delivery_reminders (trigger: interval[1 day, 0:00:00], next run at: 2026-09-27 20:49:11 UTC)" (scheduled at 2026-09-26 20:49:11.865991+00:00)
2026-09-26 22:49:11,883 - main - ERROR - Erreur lors de la vérification des rappels de livraison payée : 'DatabaseManager' object has no attribute 'get_paid_undelivered_demandes_for_reminder'
2026-09-26 22:49:11,883 - apscheduler.executors.default - INFO - Job "check_and_send_paid_delivery_reminders (trigger: interval[1 day, 0:00:00], next run at: 2026-09-27 20:49:11 UTC)" executed successfully
2026-09-26 22:49:26,882 - apscheduler.executors.default - INFO - Running job "check_and_send_unpaid_demande_reminders (trigger: interval[6:00:00], next run at: 2026-09-27 02:49:26 UTC)" (scheduled at 2026-09-26 20:49:26.866284+00:00)
2026-09-26 22:49:26,882 - main - ERROR - Erreur vérification rappels d'impayés demandeurs : 'DatabaseManager' object has no attribute 'get_unpaid_reussie_demandes_for_reminder'
2026-09-26 22:49:26,883 - apscheduler.executors.default - INFO - Job "check_and_send_unpaid_demande_reminders (trigger: interval[6:00:00], next run at: 2026-09-27 02:49:26 UTC)" executed successfully
2026-09-26 22:49:41,882 - apscheduler.executors.default - INFO - Running job "check_and_auto_abandon_expired_remun_demandes (trigger: interval[6:00:00], next run at: 2026-09-27 02:49:41 UTC)" (scheduled at 2026-09-26 20:49:41.866624+00:00)
2026-09-26 22:49:41,897 - database.repositories.admin - ERROR - Erreur get_config_value (remun_expiration_days) : (1054, "Unknown column 'name' in 'where clause'")
2026-09-26 22:49:41,897 - main - ERROR - Erreur lors de la vérification de l'abandon automatique pour délai de rémunération : 'DatabaseManager' object has no attribute 'get_expired_remun_demandes_for_abandon'
2026-09-26 22:49:41,897 - apscheduler.executors.default - INFO - Job "check_and_auto_abandon_expired_remun_demandes (trigger: interval[6:00:00], next run at: 2026-09-27 02:49:41 UTC)" executed successfully
2026-09-26 22:51:55,496 - config - INFO - Toutes les variables d'environnement requises sont présentes
2026-09-26 22:52:18,015 - webhook_app - INFO - ⚡ Initialisation post-fork du Bot et de l'Event Loop (PID: 2)
2026-09-26 22:52:18,018 - config - INFO - Toutes les variables d'environnement requises sont présentes
2026-09-26 22:52:18,394 - database.connection - INFO - Pool de connexions MySQL initialisé avec succès sur paraworld.mysql.eu.pythonanywhere-services.com:3306 (base: paraworld$telegramDB).
2026-09-26 22:52:18,587 - database.schema - INFO - Schémas et tables MySQL initialisés avec succès.
2026-09-26 22:52:18,589 - config - INFO - Cache rôles chargé : 2 owners, 3 admins (managers) et 1 staff (opérateurs)
2026-09-26 22:52:18,591 - handlers.user.compte - INFO - CompteManager initialisé avec support réglages VIP
2026-09-26 22:52:18,592 - handlers.user.navigation - INFO - NavigationManager initialisé avec support Orientation & Staff
2026-09-26 22:52:18,592 - handlers.user.formulaire - INFO - FormulaireManager initialisé avec support VIP Assignée & Auto-Assign
2026-09-26 22:52:18,592 - handlers.user.demande - INFO - DemandeManager initialisé avec charte graphique unifiée et support RBAC
2026-09-26 22:52:18,592 - handlers.user.edition - INFO - EditionManager initialisé avec support du prix plancher prioritaire et requêtes précompilées
2026-09-26 22:52:18,592 - handlers.staff.suivi - INFO - SuiviManager initialisé avec charte graphique unifiée, confirmation de paiement et surveillance
2026-09-26 22:52:18,592 - handlers.staff.notifs - INFO - NotifsManager initialisé avec support Staff/Admin, Surveillance & Paiement Prio
2026-09-26 22:52:18,593 - handlers.staff.statuts - INFO - StatutsManager initialisé avec support Staff/Admin, Surveillance et Dénouement Période d'essai
2026-09-26 22:52:18,593 - handlers.staff.photos - INFO - PhotosManager initialisé avec supervision hiérarchique
2026-09-26 22:52:18,593 - handlers.staff.notifs - INFO - NotifsManager initialisé avec support Staff/Admin, Surveillance & Paiement Prio
2026-09-26 22:52:18,593 - handlers.staff.dispo - INFO - DispoManager initialisé avec disposition conforme et indicateur de rémunération
2026-09-26 22:52:18,593 - handlers.staff.alias - INFO - AliasManager initialisé avec support Staff/Admin
2026-09-26 22:52:18,593 - handlers.staff.notifs - INFO - NotifsManager initialisé avec support Staff/Admin, Surveillance & Paiement Prio
2026-09-26 22:52:18,594 - handlers.staff.contact - INFO - ContactManager initialisé avec support Multi-Owner
2026-09-26 22:52:18,594 - handlers.staff.profils - INFO - ProfilsManager initialisé avec supervision hiérarchique et contrôle des bannissements
2026-09-26 22:52:18,594 - handlers.staff.archives - INFO - ArchivesManager initialisé avec support double vue (personnelle & générale)
2026-09-26 22:52:18,594 - handlers.staff.alias - INFO - AliasManager initialisé avec support Staff/Admin
2026-09-26 22:52:18,594 - handlers.staff.archives - INFO - ArchivesManager initialisé avec support double vue (personnelle & générale)
2026-09-26 22:52:18,595 - handlers.admin.config - INFO - ConfigManager initialisé avec support Délais, Quotas, Rappels & Rémunération
2026-09-26 22:52:18,595 - handlers.admin.stats - INFO - StatsManager initialisé avec support RBAC
2026-09-26 22:52:18,595 - handlers.admin.bot - INFO - BotManager initialisé avec support Multi-Owner
2026-09-26 22:52:18,595 - handlers.admin.staff - INFO - StaffManager initialisé avec pré-configuration avant validation
2026-09-26 22:52:18,595 - handlers.admin_handlers - INFO - AdminHandlers initialisé avec architecture allégée (Purge, Membres, VIPs isolés).
2026-09-26 22:52:18,804 - root - ERROR - /home/paraworld/teleform/handlers/user/formulaire.py:81: PTBUserWarning: If 'per_message=False', 'CallbackQueryHandler' will not be tracked for every message. Read this FAQ entry to learn more about the per_* settings: https://github.com/python-telegram-bot/python-telegram-bot/wiki/Frequently-Asked-Questions#what-do-the-per_-settings-in-conversationhandler-do.
2026-09-26 22:52:18,804 - root - ERROR -   return ConversationHandler(
2026-09-26 22:52:18,806 - root - ERROR - /home/paraworld/teleform/main.py:679: PTBUserWarning: If 'per_message=False', 'CallbackQueryHandler' will not be tracked for every message. Read this FAQ entry to learn more about the per_* settings: https://github.com/python-telegram-bot/python-telegram-bot/wiki/Frequently-Asked-Questions#what-do-the-per_-settings-in-conversationhandler-do.
2026-09-26 22:52:18,807 - root - ERROR -   modify_alias_conv = ConversationHandler(
2026-09-26 22:52:18,807 - root - ERROR - /home/paraworld/teleform/main.py:699: PTBUserWarning: If 'per_message=False', 'CallbackQueryHandler' will not be tracked for every message. Read this FAQ entry to learn more about the per_* settings: https://github.com/python-telegram-bot/python-telegram-bot/wiki/Frequently-Asked-Questions#what-do-the-per_-settings-in-conversationhandler-do.
2026-09-26 22:52:18,807 - root - ERROR -   contact_owner_conv = ConversationHandler(
2026-09-26 22:52:18,808 - root - ERROR - /home/paraworld/teleform/main.py:722: PTBUserWarning: If 'per_message=False', 'CallbackQueryHandler' will not be tracked for every message. Read this FAQ entry to learn more about the per_* settings: https://github.com/python-telegram-bot/python-telegram-bot/wiki/Frequently-Asked-Questions#what-do-the-per_-settings-in-conversationhandler-do.
2026-09-26 22:52:18,808 - root - ERROR -   owner_reply_conv = ConversationHandler(
2026-09-26 22:52:18,809 - root - ERROR - /home/paraworld/teleform/main.py:745: PTBUserWarning: If 'per_message=False', 'CallbackQueryHandler' will not be tracked for every message. Read this FAQ entry to learn more about the per_* settings: https://github.com/python-telegram-bot/python-telegram-bot/wiki/Frequently-Asked-Questions#what-do-the-per_-settings-in-conversationhandler-do.
2026-09-26 22:52:18,809 - root - ERROR -   add_staff_conv = ConversationHandler(
2026-09-26 22:52:18,810 - root - ERROR - /home/paraworld/teleform/main.py:771: PTBUserWarning: If 'per_message=False', 'CallbackQueryHandler' will not be tracked for every message. Read this FAQ entry to learn more about the per_* settings: https://github.com/python-telegram-bot/python-telegram-bot/wiki/Frequently-Asked-Questions#what-do-the-per_-settings-in-conversationhandler-do.
2026-09-26 22:52:18,810 - root - ERROR -   remove_staff_conv = ConversationHandler(
2026-09-26 22:52:18,810 - root - ERROR - /home/paraworld/teleform/main.py:797: PTBUserWarning: If 'per_message=False', 'CallbackQueryHandler' will not be tracked for every message. Read this FAQ entry to learn more about the per_* settings: https://github.com/python-telegram-bot/python-telegram-bot/wiki/Frequently-Asked-Questions#what-do-the-per_-settings-in-conversationhandler-do.
2026-09-26 22:52:18,811 - root - ERROR -   add_admin_conv = ConversationHandler(
2026-09-26 22:52:18,811 - root - ERROR - /home/paraworld/teleform/main.py:817: PTBUserWarning: If 'per_message=False', 'CallbackQueryHandler' will not be tracked for every message. Read this FAQ entry to learn more about the per_* settings: https://github.com/python-telegram-bot/python-telegram-bot/wiki/Frequently-Asked-Questions#what-do-the-per_-settings-in-conversationhandler-do.
2026-09-26 22:52:18,811 - root - ERROR -   remove_admin_conv = ConversationHandler(
2026-09-26 22:52:18,812 - root - ERROR - /home/paraworld/teleform/main.py:843: PTBUserWarning: If 'per_message=False', 'CallbackQueryHandler' will not be tracked for every message. Read this FAQ entry to learn more about the per_* settings: https://github.com/python-telegram-bot/python-telegram-bot/wiki/Frequently-Asked-Questions#what-do-the-per_-settings-in-conversationhandler-do.
2026-09-26 22:52:18,812 - root - ERROR -   add_vip_conv = ConversationHandler(
2026-09-26 22:52:18,812 - root - ERROR - /home/paraworld/teleform/main.py:867: PTBUserWarning: If 'per_message=False', 'CallbackQueryHandler' will not be tracked for every message. Read this FAQ entry to learn more about the per_* settings: https://github.com/python-telegram-bot/python-telegram-bot/wiki/Frequently-Asked-Questions#what-do-the-per_-settings-in-conversationhandler-do.
2026-09-26 22:52:18,812 - root - ERROR -   remove_vip_conv = ConversationHandler(
2026-09-26 22:52:18,818 - apscheduler.scheduler - INFO - Adding job tentatively -- it will be properly scheduled when the scheduler starts
2026-09-26 22:52:18,818 - apscheduler.scheduler - INFO - Adding job tentatively -- it will be properly scheduled when the scheduler starts
2026-09-26 22:52:18,819 - apscheduler.scheduler - INFO - Adding job tentatively -- it will be properly scheduled when the scheduler starts
2026-09-26 22:52:18,819 - apscheduler.scheduler - INFO - Adding job tentatively -- it will be properly scheduled when the scheduler starts
2026-09-26 22:52:18,819 - apscheduler.scheduler - INFO - Adding job tentatively -- it will be properly scheduled when the scheduler starts
2026-09-26 22:52:18,820 - apscheduler.scheduler - INFO - Adding job tentatively -- it will be properly scheduled when the scheduler starts
2026-09-26 22:52:18,820 - main - INFO - ⏰ Tâches JobQueue configurées et actives.
2026-09-26 22:52:18,862 - httpx - INFO - HTTP Request: POST https://api.telegram.org/bot7580250572:AAHmXuKZGap_jrmDRcgPIK3DhOq1mQ2eb9c/getMe "HTTP/1.1 200 OK"
2026-09-26 22:52:18,864 - apscheduler.scheduler - INFO - Added job "check_and_send_admin_reminders" to job store "default"
2026-09-26 22:52:18,864 - apscheduler.scheduler - INFO - Added job "check_and_auto_archive_demandes" to job store "default"
2026-09-26 22:52:18,865 - apscheduler.scheduler - INFO - Added job "check_and_send_delivery_reminders" to job store "default"
2026-09-26 22:52:18,865 - apscheduler.scheduler - INFO - Added job "check_and_send_paid_delivery_reminders" to job store "default"
2026-09-26 22:52:18,865 - apscheduler.scheduler - INFO - Added job "check_and_send_unpaid_demande_reminders" to job store "default"
2026-09-26 22:52:18,865 - apscheduler.scheduler - INFO - Added job "check_and_auto_abandon_expired_remun_demandes" to job store "default"
2026-09-26 22:52:18,866 - apscheduler.scheduler - INFO - Scheduler started
2026-09-26 22:52:18,867 - telegram.ext.Application - INFO - Application started
2026-09-26 22:52:18,867 - webhook_app - INFO - ✅ Bot Telegram opérationnel dans le worker PID 2
2026-09-26 22:52:18,869 - webhook_app - INFO - 📩 Update reçue : ID=816746608, type=/start
2026-09-26 22:52:18,882 - handlers.user_handlers - INFO - 🚀 Exécution de /start pour user_id=1340055152 (Tom)
2026-09-26 22:52:19,049 - httpx - INFO - HTTP Request: POST https://api.telegram.org/bot7580250572:AAHmXuKZGap_jrmDRcgPIK3DhOq1mQ2eb9c/sendMessage "HTTP/1.1 200 OK"
2026-09-26 22:52:19,054 - handlers.user_handlers - INFO - ✅ Message de bienvenue envoyé avec succès à 1340055152
2026-09-26 22:52:19,056 - webhook_app - INFO - ✅ Update 816746608 traitée avec succès.
2026-09-26 22:52:20,385 - webhook_app - INFO - 📩 Update reçue : ID=816746609, type=autre
2026-09-26 22:52:20,517 - httpx - INFO - HTTP Request: POST https://api.telegram.org/bot7580250572:AAHmXuKZGap_jrmDRcgPIK3DhOq1mQ2eb9c/answerCallbackQuery "HTTP/1.1 200 OK"
2026-09-26 22:52:20,650 - httpx - INFO - HTTP Request: POST https://api.telegram.org/bot7580250572:AAHmXuKZGap_jrmDRcgPIK3DhOq1mQ2eb9c/answerCallbackQuery "HTTP/1.1 200 OK"
2026-09-26 22:52:20,669 - database.repositories.admin - ERROR - Erreur get_config_value (max_total_demandes) : (1054, "Unknown column 'name' in 'where clause'")
2026-09-26 22:52:20,685 - database.repositories.admin - ERROR - Erreur get_config_value (max_demandes_per_user) : (1054, "Unknown column 'name' in 'where clause'")
2026-09-26 22:52:20,687 - handlers.user.demande - ERROR - Erreur consultation demandes : ArchiveRepository.get_archives_count() got an unexpected keyword argument 'user_id'
Traceback (most recent call last):
  File "/home/paraworld/teleform/handlers/user/demande.py", line 192, in show_demande_page
    keyboard = self._build_navigation_keyboard(demande, page, total_pages, user_id)
  File "/home/paraworld/teleform/handlers/user/demande.py", line 392, in _build_navigation_keyboard
    nb_archives = self.db_manager.get_archives_count(user_id=user_id)
TypeError: ArchiveRepository.get_archives_count() got an unexpected keyword argument 'user_id'
2026-09-26 22:52:20,852 - httpx - INFO - HTTP Request: POST https://api.telegram.org/bot7580250572:AAHmXuKZGap_jrmDRcgPIK3DhOq1mQ2eb9c/editMessageText "HTTP/1.1 200 OK"
2026-09-26 22:52:20,854 - webhook_app - INFO - ✅ Update 816746609 traitée avec succès.
2026-09-26 22:52:21,805 - webhook_app - INFO - 📩 Update reçue : ID=816746610, type=autre
2026-09-26 22:52:21,937 - httpx - INFO - HTTP Request: POST https://api.telegram.org/bot7580250572:AAHmXuKZGap_jrmDRcgPIK3DhOq1mQ2eb9c/answerCallbackQuery "HTTP/1.1 200 OK"
2026-09-26 22:52:22,086 - httpx - INFO - HTTP Request: POST https://api.telegram.org/bot7580250572:AAHmXuKZGap_jrmDRcgPIK3DhOq1mQ2eb9c/editMessageText "HTTP/1.1 200 OK"
2026-09-26 22:52:22,087 - webhook_app - INFO - ✅ Update 816746610 traitée avec succès.
2026-09-26 22:52:23,595 - webhook_app - INFO - 📩 Update reçue : ID=816746611, type=autre
2026-09-26 22:52:23,727 - httpx - INFO - HTTP Request: POST https://api.telegram.org/bot7580250572:AAHmXuKZGap_jrmDRcgPIK3DhOq1mQ2eb9c/answerCallbackQuery "HTTP/1.1 200 OK"
2026-09-26 22:52:23,744 - database.repositories.admin - ERROR - Erreur get_config_value (demandes_enabled) : (1054, "Unknown column 'name' in 'where clause'")
2026-09-26 22:52:23,757 - database.repositories.admin - ERROR - Erreur get_config_value (max_total_demandes) : (1054, "Unknown column 'name' in 'where clause'")
2026-09-26 22:52:23,771 - database.repositories.admin - ERROR - Erreur get_config_value (max_demandes_per_user) : (1054, "Unknown column 'name' in 'where clause'")
2026-09-26 22:52:23,917 - httpx - INFO - HTTP Request: POST https://api.telegram.org/bot7580250572:AAHmXuKZGap_jrmDRcgPIK3DhOq1mQ2eb9c/editMessageText "HTTP/1.1 200 OK"
2026-09-26 22:52:23,918 - webhook_app - INFO - ✅ Update 816746611 traitée avec succès.
2026-09-26 22:52:25,421 - webhook_app - INFO - 📩 Update reçue : ID=816746612, type=autre
2026-09-26 22:52:25,436 - database.repositories.admin - ERROR - Erreur get_config_value (demandes_enabled) : (1054, "Unknown column 'name' in 'where clause'")
2026-09-26 22:52:25,447 - database.repositories.admin - ERROR - Erreur get_config_value (max_demandes_per_user) : (1054, "Unknown column 'name' in 'where clause'")
2026-09-26 22:52:25,460 - database.repositories.admin - ERROR - Erreur get_config_value (allow_gay_insta) : (1054, "Unknown column 'name' in 'where clause'")
2026-09-26 22:52:25,472 - database.repositories.admin - ERROR - Erreur get_config_value (allow_gay_snap) : (1054, "Unknown column 'name' in 'where clause'")
2026-09-26 22:52:25,603 - httpx - INFO - HTTP Request: POST https://api.telegram.org/bot7580250572:AAHmXuKZGap_jrmDRcgPIK3DhOq1mQ2eb9c/answerCallbackQuery "HTTP/1.1 200 OK"
2026-09-26 22:52:25,745 - httpx - INFO - HTTP Request: POST https://api.telegram.org/bot7580250572:AAHmXuKZGap_jrmDRcgPIK3DhOq1mQ2eb9c/editMessageText "HTTP/1.1 200 OK"
2026-09-26 22:52:25,746 - webhook_app - INFO - ✅ Update 816746612 traitée avec succès.
2026-09-26 22:52:28,615 - webhook_app - INFO - 📩 Update reçue : ID=816746613, type=Test
2026-09-26 22:52:28,630 - database.repositories.admin - ERROR - Erreur get_config_value (demandes_enabled) : (1054, "Unknown column 'name' in 'where clause'")
2026-09-26 22:52:28,639 - database.repositories.admin - ERROR - Erreur get_config_value (max_demandes_per_user) : (1054, "Unknown column 'name' in 'where clause'")
2026-09-26 22:52:28,786 - httpx - INFO - HTTP Request: POST https://api.telegram.org/bot7580250572:AAHmXuKZGap_jrmDRcgPIK3DhOq1mQ2eb9c/sendMessage "HTTP/1.1 200 OK"
2026-09-26 22:52:28,787 - webhook_app - INFO - ✅ Update 816746613 traitée avec succès.
2026-09-26 22:52:29,947 - webhook_app - INFO - 📩 Update reçue : ID=816746614, type=Test
2026-09-26 22:52:29,962 - database.repositories.admin - ERROR - Erreur get_config_value (demandes_enabled) : (1054, "Unknown column 'name' in 'where clause'")
2026-09-26 22:52:29,976 - database.repositories.admin - ERROR - Erreur get_config_value (max_demandes_per_user) : (1054, "Unknown column 'name' in 'where clause'")
2026-09-26 22:52:30,121 - httpx - INFO - HTTP Request: POST https://api.telegram.org/bot7580250572:AAHmXuKZGap_jrmDRcgPIK3DhOq1mQ2eb9c/sendMessage "HTTP/1.1 200 OK"
2026-09-26 22:52:30,122 - webhook_app - INFO - ✅ Update 816746614 traitée avec succès.
2026-09-26 22:52:32,672 - webhook_app - INFO - 📩 Update reçue : ID=816746615, type=23
2026-09-26 22:52:32,717 - database.repositories.admin - ERROR - Erreur get_config_value (demandes_enabled) : (1054, "Unknown column 'name' in 'where clause'")
2026-09-26 22:52:32,759 - database.repositories.admin - ERROR - Erreur get_config_value (max_demandes_per_user) : (1054, "Unknown column 'name' in 'where clause'")
2026-09-26 22:52:32,908 - httpx - INFO - HTTP Request: POST https://api.telegram.org/bot7580250572:AAHmXuKZGap_jrmDRcgPIK3DhOq1mQ2eb9c/sendMessage "HTTP/1.1 200 OK"
2026-09-26 22:52:32,909 - webhook_app - INFO - ✅ Update 816746615 traitée avec succès.
2026-09-26 22:52:33,818 - apscheduler.executors.default - INFO - Running job "check_and_send_admin_reminders (trigger: interval[1:00:00], next run at: 2026-09-26 21:52:33 UTC)" (scheduled at 2026-09-26 20:52:33.816875+00:00)
2026-09-26 22:52:33,830 - apscheduler.executors.default - INFO - Job "check_and_send_admin_reminders (trigger: interval[1:00:00], next run at: 2026-09-26 21:52:33 UTC)" executed successfully
2026-09-26 22:52:35,365 - webhook_app - INFO - 📩 Update reçue : ID=816746616, type=Test
2026-09-26 22:52:35,387 - database.repositories.admin - ERROR - Erreur get_config_value (demandes_enabled) : (1054, "Unknown column 'name' in 'where clause'")
2026-09-26 22:52:35,401 - database.repositories.admin - ERROR - Erreur get_config_value (max_demandes_per_user) : (1054, "Unknown column 'name' in 'where clause'")
2026-09-26 22:52:35,550 - httpx - INFO - HTTP Request: POST https://api.telegram.org/bot7580250572:AAHmXuKZGap_jrmDRcgPIK3DhOq1mQ2eb9c/sendMessage "HTTP/1.1 200 OK"
2026-09-26 22:52:35,551 - webhook_app - INFO - ✅ Update 816746616 traitée avec succès.
2026-09-26 22:52:41,486 - webhook_app - INFO - 📩 Update reçue : ID=816746617, type=autre
2026-09-26 22:52:41,500 - database.repositories.admin - ERROR - Erreur get_config_value (demandes_enabled) : (1054, "Unknown column 'name' in 'where clause'")
2026-09-26 22:52:41,514 - database.repositories.admin - ERROR - Erreur get_config_value (max_demandes_per_user) : (1054, "Unknown column 'name' in 'where clause'")
2026-09-26 22:52:41,710 - httpx - INFO - HTTP Request: POST https://api.telegram.org/bot7580250572:AAHmXuKZGap_jrmDRcgPIK3DhOq1mQ2eb9c/sendMessage "HTTP/1.1 200 OK"
2026-09-26 22:52:41,711 - webhook_app - INFO - ✅ Update 816746617 traitée avec succès.
2026-09-26 22:52:43,944 - webhook_app - INFO - 📩 Update reçue : ID=816746618, type=Test
2026-09-26 22:52:43,986 - database.repositories.admin - ERROR - Erreur get_config_value (demandes_enabled) : (1054, "Unknown column 'name' in 'where clause'")
2026-09-26 22:52:44,019 - database.repositories.admin - ERROR - Erreur get_config_value (max_demandes_per_user) : (1054, "Unknown column 'name' in 'where clause'")
2026-09-26 22:52:44,036 - database.repositories.admin - ERROR - Erreur get_config_value (allow_gay_insta) : (1054, "Unknown column 'name' in 'where clause'")
2026-09-26 22:52:44,051 - database.repositories.admin - ERROR - Erreur get_config_value (max_gay_insta) : (1054, "Unknown column 'name' in 'where clause'")
2026-09-26 22:52:44,052 - main - ERROR - 💥 Exception non interceptée lors de l'update #816746618 : 'DatabaseManager' object has no attribute 'check_social_duplicate'
Traceback (most recent call last):
  File "/home/paraworld/.local/lib/python3.13/site-packages/telegram/ext/_application.py", line 1315, in process_update
    await coroutine
  File "/home/paraworld/.local/lib/python3.13/site-packages/telegram/ext/_handlers/conversationhandler.py", line 841, in handle_update
    new_state: object = await handler.handle_update(
                        ^^^^^^^^^^^^^^^^^^^^^^^^^^^^
        update, application, handler_check_result, context
        ^^^^^^^^^^^^^^^^^^^^^^^^^^^^^^^^^^^^^^^^^^^^^^^^^^
    )
    ^
  File "/home/paraworld/.local/lib/python3.13/site-packages/telegram/ext/_handlers/basehandler.py", line 159, in handle_update
    return await self.callback(update, context)
           ^^^^^^^^^^^^^^^^^^^^^^^^^^^^^^^^^^^^
  File "/home/paraworld/teleform/handlers/user/formulaire.py", line 696, in instagram
    is_duplicate, matched_value = self.db_manager.check_social_duplicate(instagram=val)
                                  ^^^^^^^^^^^^^^^^^^^^^^^^^^^^^^^^^^^^^^
AttributeError: 'DatabaseManager' object has no attribute 'check_social_duplicate'
2026-09-26 22:52:44,206 - httpx - INFO - HTTP Request: POST https://api.telegram.org/bot7580250572:AAHmXuKZGap_jrmDRcgPIK3DhOq1mQ2eb9c/sendMessage "HTTP/1.1 200 OK"
2026-09-26 22:52:44,207 - webhook_app - INFO - ✅ Update 816746618 traitée avec succès.
2026-09-26 22:52:48,824 - apscheduler.executors.default - INFO - Running job "check_and_auto_archive_demandes (trigger: interval[1:00:00], next run at: 2026-09-26 21:52:48 UTC)" (scheduled at 2026-09-26 20:52:48.818605+00:00)
2026-09-26 22:52:48,840 - database.repositories.admin - ERROR - Erreur get_config_value (auto_archive_hours) : (1054, "Unknown column 'name' in 'where clause'")
2026-09-26 22:52:48,840 - main - ERROR - Erreur exécution auto-archivage : 'DatabaseManager' object has no attribute 'get_expired_delivered_demandes'
2026-09-26 22:52:48,840 - apscheduler.executors.default - INFO - Job "check_and_auto_archive_demandes (trigger: interval[1:00:00], next run at: 2026-09-26 21:52:48 UTC)" executed successfully
2026-09-26 22:53:03,834 - apscheduler.executors.default - INFO - Running job "check_and_send_delivery_reminders (trigger: interval[6:00:00], next run at: 2026-09-27 02:53:03 UTC)" (scheduled at 2026-09-26 20:53:03.819006+00:00)
2026-09-26 22:53:03,854 - database.repositories.admin - ERROR - Erreur get_config_value (delivery_reminder_days) : (1054, "Unknown column 'name' in 'where clause'")
2026-09-26 22:53:03,855 - main - ERROR - Erreur lors de la vérification des rappels de livraison : 'DatabaseManager' object has no attribute 'get_undelivered_terminee_demandes_for_reminder'
2026-09-26 22:53:03,855 - apscheduler.executors.default - INFO - Job "check_and_send_delivery_reminders (trigger: interval[6:00:00], next run at: 2026-09-27 02:53:03 UTC)" executed successfully
2026-09-26 22:53:18,835 - apscheduler.executors.default - INFO - Running job "check_and_send_paid_delivery_reminders (trigger: interval[1 day, 0:00:00], next run at: 2026-09-27 20:53:18 UTC)" (scheduled at 2026-09-26 20:53:18.819439+00:00)
2026-09-26 22:53:18,835 - main - ERROR - Erreur lors de la vérification des rappels de livraison payée : 'DatabaseManager' object has no attribute 'get_paid_undelivered_demandes_for_reminder'
2026-09-26 22:53:18,835 - apscheduler.executors.default - INFO - Job "check_and_send_paid_delivery_reminders (trigger: interval[1 day, 0:00:00], next run at: 2026-09-27 20:53:18 UTC)" executed successfully
2026-09-26 22:53:33,835 - apscheduler.executors.default - INFO - Running job "check_and_send_unpaid_demande_reminders (trigger: interval[6:00:00], next run at: 2026-09-27 02:53:33 UTC)" (scheduled at 2026-09-26 20:53:33.819810+00:00)
2026-09-26 22:53:33,836 - main - ERROR - Erreur vérification rappels d'impayés demandeurs : 'DatabaseManager' object has no attribute 'get_unpaid_reussie_demandes_for_reminder'
2026-09-26 22:53:33,836 - apscheduler.executors.default - INFO - Job "check_and_send_unpaid_demande_reminders (trigger: interval[6:00:00], next run at: 2026-09-27 02:53:33 UTC)" executed successfully
2026-09-26 22:53:48,836 - apscheduler.executors.default - INFO - Running job "check_and_auto_abandon_expired_remun_demandes (trigger: interval[6:00:00], next run at: 2026-09-27 02:53:48 UTC)" (scheduled at 2026-09-26 20:53:48.820161+00:00)
2026-09-26 22:53:48,853 - database.repositories.admin - ERROR - Erreur get_config_value (remun_expiration_days) : (1054, "Unknown column 'name' in 'where clause'")
2026-09-26 22:53:48,853 - main - ERROR - Erreur lors de la vérification de l'abandon automatique pour délai de rémunération : 'DatabaseManager' object has no attribute 'get_expired_remun_demandes_for_abandon'
2026-09-26 22:53:48,854 - apscheduler.executors.default - INFO - Job "check_and_auto_abandon_expired_remun_demandes (trigger: interval[6:00:00], next run at: 2026-09-27 02:53:48 UTC)" executed successfully
2026-09-26 22:56:32,585 - config - INFO - Toutes les variables d'environnement requises sont présentes
2026-09-26 22:57:10,647 - webhook_app - INFO - ⚡ Initialisation post-fork du Bot et de l'Event Loop (PID: 2)
2026-09-26 22:57:10,650 - config - INFO - Toutes les variables d'environnement requises sont présentes
2026-09-26 22:57:10,936 - database.connection - INFO - Pool de connexions MySQL initialisé avec succès sur paraworld.mysql.eu.pythonanywhere-services.com:3306 (base: paraworld$telegramDB).
2026-09-26 22:57:11,164 - database.schema - INFO - Schémas et tables MySQL initialisés avec succès.
2026-09-26 22:57:11,165 - config - INFO - Cache rôles chargé : 2 owners, 3 admins (managers) et 1 staff (opérateurs)
2026-09-26 22:57:11,168 - handlers.user.compte - INFO - CompteManager initialisé avec support réglages VIP
2026-09-26 22:57:11,169 - handlers.user.navigation - INFO - NavigationManager initialisé avec support Orientation & Staff
2026-09-26 22:57:11,169 - handlers.user.formulaire - INFO - FormulaireManager initialisé avec support VIP Assignée & Auto-Assign
2026-09-26 22:57:11,169 - handlers.user.demande - INFO - DemandeManager initialisé avec charte graphique unifiée et support RBAC
2026-09-26 22:57:11,169 - handlers.user.edition - INFO - EditionManager initialisé avec support du prix plancher prioritaire et requêtes précompilées
2026-09-26 22:57:11,169 - handlers.staff.suivi - INFO - SuiviManager initialisé avec charte graphique unifiée, confirmation de paiement et surveillance
2026-09-26 22:57:11,170 - handlers.staff.notifs - INFO - NotifsManager initialisé avec support Staff/Admin, Surveillance & Paiement Prio
2026-09-26 22:57:11,170 - handlers.staff.statuts - INFO - StatutsManager initialisé avec support Staff/Admin, Surveillance et Dénouement Période d'essai
2026-09-26 22:57:11,170 - handlers.staff.photos - INFO - PhotosManager initialisé avec supervision hiérarchique
2026-09-26 22:57:11,170 - handlers.staff.notifs - INFO - NotifsManager initialisé avec support Staff/Admin, Surveillance & Paiement Prio
2026-09-26 22:57:11,171 - handlers.staff.dispo - INFO - DispoManager initialisé avec disposition conforme et indicateur de rémunération
2026-09-26 22:57:11,171 - handlers.staff.alias - INFO - AliasManager initialisé avec support Staff/Admin
2026-09-26 22:57:11,171 - handlers.staff.notifs - INFO - NotifsManager initialisé avec support Staff/Admin, Surveillance & Paiement Prio
2026-09-26 22:57:11,171 - handlers.staff.contact - INFO - ContactManager initialisé avec support Multi-Owner
2026-09-26 22:57:11,171 - handlers.staff.profils - INFO - ProfilsManager initialisé avec supervision hiérarchique et contrôle des bannissements
2026-09-26 22:57:11,171 - handlers.staff.archives - INFO - ArchivesManager initialisé avec support double vue (personnelle & générale)
2026-09-26 22:57:11,172 - handlers.staff.alias - INFO - AliasManager initialisé avec support Staff/Admin
2026-09-26 22:57:11,172 - handlers.staff.archives - INFO - ArchivesManager initialisé avec support double vue (personnelle & générale)
2026-09-26 22:57:11,172 - handlers.admin.config - INFO - ConfigManager initialisé avec support Délais, Quotas, Rappels & Rémunération
2026-09-26 22:57:11,172 - handlers.admin.stats - INFO - StatsManager initialisé avec support RBAC
2026-09-26 22:57:11,173 - handlers.admin.bot - INFO - BotManager initialisé avec support Multi-Owner
2026-09-26 22:57:11,173 - handlers.admin.staff - INFO - StaffManager initialisé avec pré-configuration avant validation
2026-09-26 22:57:11,173 - handlers.admin_handlers - INFO - AdminHandlers initialisé avec architecture allégée (Purge, Membres, VIPs isolés).
2026-09-26 22:57:11,396 - root - ERROR - /home/paraworld/teleform/handlers/user/formulaire.py:81: PTBUserWarning: If 'per_message=False', 'CallbackQueryHandler' will not be tracked for every message. Read this FAQ entry to learn more about the per_* settings: https://github.com/python-telegram-bot/python-telegram-bot/wiki/Frequently-Asked-Questions#what-do-the-per_-settings-in-conversationhandler-do.
2026-09-26 22:57:11,396 - root - ERROR -   return ConversationHandler(
2026-09-26 22:57:11,398 - root - ERROR - /home/paraworld/teleform/main.py:679: PTBUserWarning: If 'per_message=False', 'CallbackQueryHandler' will not be tracked for every message. Read this FAQ entry to learn more about the per_* settings: https://github.com/python-telegram-bot/python-telegram-bot/wiki/Frequently-Asked-Questions#what-do-the-per_-settings-in-conversationhandler-do.
2026-09-26 22:57:11,398 - root - ERROR -   modify_alias_conv = ConversationHandler(
2026-09-26 22:57:11,398 - root - ERROR - /home/paraworld/teleform/main.py:699: PTBUserWarning: If 'per_message=False', 'CallbackQueryHandler' will not be tracked for every message. Read this FAQ entry to learn more about the per_* settings: https://github.com/python-telegram-bot/python-telegram-bot/wiki/Frequently-Asked-Questions#what-do-the-per_-settings-in-conversationhandler-do.
2026-09-26 22:57:11,398 - root - ERROR -   contact_owner_conv = ConversationHandler(
2026-09-26 22:57:11,399 - root - ERROR - /home/paraworld/teleform/main.py:722: PTBUserWarning: If 'per_message=False', 'CallbackQueryHandler' will not be tracked for every message. Read this FAQ entry to learn more about the per_* settings: https://github.com/python-telegram-bot/python-telegram-bot/wiki/Frequently-Asked-Questions#what-do-the-per_-settings-in-conversationhandler-do.
2026-09-26 22:57:11,399 - root - ERROR -   owner_reply_conv = ConversationHandler(
2026-09-26 22:57:11,400 - root - ERROR - /home/paraworld/teleform/main.py:745: PTBUserWarning: If 'per_message=False', 'CallbackQueryHandler' will not be tracked for every message. Read this FAQ entry to learn more about the per_* settings: https://github.com/python-telegram-bot/python-telegram-bot/wiki/Frequently-Asked-Questions#what-do-the-per_-settings-in-conversationhandler-do.
2026-09-26 22:57:11,401 - root - ERROR -   add_staff_conv = ConversationHandler(
2026-09-26 22:57:11,401 - root - ERROR - /home/paraworld/teleform/main.py:771: PTBUserWarning: If 'per_message=False', 'CallbackQueryHandler' will not be tracked for every message. Read this FAQ entry to learn more about the per_* settings: https://github.com/python-telegram-bot/python-telegram-bot/wiki/Frequently-Asked-Questions#what-do-the-per_-settings-in-conversationhandler-do.
2026-09-26 22:57:11,401 - root - ERROR -   remove_staff_conv = ConversationHandler(
2026-09-26 22:57:11,402 - root - ERROR - /home/paraworld/teleform/main.py:797: PTBUserWarning: If 'per_message=False', 'CallbackQueryHandler' will not be tracked for every message. Read this FAQ entry to learn more about the per_* settings: https://github.com/python-telegram-bot/python-telegram-bot/wiki/Frequently-Asked-Questions#what-do-the-per_-settings-in-conversationhandler-do.
2026-09-26 22:57:11,402 - root - ERROR -   add_admin_conv = ConversationHandler(
2026-09-26 22:57:11,403 - root - ERROR - /home/paraworld/teleform/main.py:817: PTBUserWarning: If 'per_message=False', 'CallbackQueryHandler' will not be tracked for every message. Read this FAQ entry to learn more about the per_* settings: https://github.com/python-telegram-bot/python-telegram-bot/wiki/Frequently-Asked-Questions#what-do-the-per_-settings-in-conversationhandler-do.
2026-09-26 22:57:11,403 - root - ERROR -   remove_admin_conv = ConversationHandler(
2026-09-26 22:57:11,403 - root - ERROR - /home/paraworld/teleform/main.py:843: PTBUserWarning: If 'per_message=False', 'CallbackQueryHandler' will not be tracked for every message. Read this FAQ entry to learn more about the per_* settings: https://github.com/python-telegram-bot/python-telegram-bot/wiki/Frequently-Asked-Questions#what-do-the-per_-settings-in-conversationhandler-do.
2026-09-26 22:57:11,404 - root - ERROR -   add_vip_conv = ConversationHandler(
2026-09-26 22:57:11,404 - root - ERROR - /home/paraworld/teleform/main.py:867: PTBUserWarning: If 'per_message=False', 'CallbackQueryHandler' will not be tracked for every message. Read this FAQ entry to learn more about the per_* settings: https://github.com/python-telegram-bot/python-telegram-bot/wiki/Frequently-Asked-Questions#what-do-the-per_-settings-in-conversationhandler-do.
2026-09-26 22:57:11,404 - root - ERROR -   remove_vip_conv = ConversationHandler(
2026-09-26 22:57:11,409 - apscheduler.scheduler - INFO - Adding job tentatively -- it will be properly scheduled when the scheduler starts
2026-09-26 22:57:11,410 - apscheduler.scheduler - INFO - Adding job tentatively -- it will be properly scheduled when the scheduler starts
2026-09-26 22:57:11,410 - apscheduler.scheduler - INFO - Adding job tentatively -- it will be properly scheduled when the scheduler starts
2026-09-26 22:57:11,410 - apscheduler.scheduler - INFO - Adding job tentatively -- it will be properly scheduled when the scheduler starts
2026-09-26 22:57:11,411 - apscheduler.scheduler - INFO - Adding job tentatively -- it will be properly scheduled when the scheduler starts
2026-09-26 22:57:11,411 - apscheduler.scheduler - INFO - Adding job tentatively -- it will be properly scheduled when the scheduler starts
2026-09-26 22:57:11,411 - main - INFO - ⏰ Tâches JobQueue configurées et actives.
2026-09-26 22:57:11,458 - httpx - INFO - HTTP Request: POST https://api.telegram.org/bot7580250572:AAHmXuKZGap_jrmDRcgPIK3DhOq1mQ2eb9c/getMe "HTTP/1.1 200 OK"
2026-09-26 22:57:11,459 - apscheduler.scheduler - INFO - Added job "check_and_send_admin_reminders" to job store "default"
2026-09-26 22:57:11,460 - apscheduler.scheduler - INFO - Added job "check_and_auto_archive_demandes" to job store "default"
2026-09-26 22:57:11,460 - apscheduler.scheduler - INFO - Added job "check_and_send_delivery_reminders" to job store "default"
2026-09-26 22:57:11,460 - apscheduler.scheduler - INFO - Added job "check_and_send_paid_delivery_reminders" to job store "default"
2026-09-26 22:57:11,461 - apscheduler.scheduler - INFO - Added job "check_and_send_unpaid_demande_reminders" to job store "default"
2026-09-26 22:57:11,461 - apscheduler.scheduler - INFO - Added job "check_and_auto_abandon_expired_remun_demandes" to job store "default"
2026-09-26 22:57:11,461 - apscheduler.scheduler - INFO - Scheduler started
2026-09-26 22:57:11,462 - telegram.ext.Application - INFO - Application started
2026-09-26 22:57:11,462 - webhook_app - INFO - ✅ Bot Telegram opérationnel dans le worker PID 2
2026-09-26 22:57:11,463 - webhook_app - INFO - 📩 Update reçue : ID=816746619, type=/start
2026-09-26 22:57:11,465 - handlers.user_handlers - INFO - 🚀 Exécution de /start pour user_id=1340055152 (Tom)
2026-09-26 22:57:11,627 - httpx - INFO - HTTP Request: POST https://api.telegram.org/bot7580250572:AAHmXuKZGap_jrmDRcgPIK3DhOq1mQ2eb9c/sendMessage "HTTP/1.1 200 OK"
2026-09-26 22:57:11,629 - handlers.user_handlers - INFO - ✅ Message de bienvenue envoyé avec succès à 1340055152
2026-09-26 22:57:11,629 - webhook_app - INFO - ✅ Update 816746619 traitée avec succès.
2026-09-26 22:57:13,200 - webhook_app - INFO - 📩 Update reçue : ID=816746620, type=autre
2026-09-26 22:57:13,336 - httpx - INFO - HTTP Request: POST https://api.telegram.org/bot7580250572:AAHmXuKZGap_jrmDRcgPIK3DhOq1mQ2eb9c/answerCallbackQuery "HTTP/1.1 200 OK"
2026-09-26 22:57:13,484 - httpx - INFO - HTTP Request: POST https://api.telegram.org/bot7580250572:AAHmXuKZGap_jrmDRcgPIK3DhOq1mQ2eb9c/editMessageText "HTTP/1.1 200 OK"
2026-09-26 22:57:13,486 - webhook_app - INFO - ✅ Update 816746620 traitée avec succès.
2026-09-26 22:57:14,226 - webhook_app - INFO - 📩 Update reçue : ID=816746621, type=autre
2026-09-26 22:57:14,368 - httpx - INFO - HTTP Request: POST https://api.telegram.org/bot7580250572:AAHmXuKZGap_jrmDRcgPIK3DhOq1mQ2eb9c/answerCallbackQuery "HTTP/1.1 200 OK"
2026-09-26 22:57:14,370 - handlers.staff_handlers - WARNING - Tentative d'accès staff refusée pour l'utilisateur 1340055152
2026-09-26 22:57:14,370 - webhook_app - INFO - ✅ Update 816746621 traitée avec succès.
2026-09-26 22:57:15,851 - webhook_app - INFO - 📩 Update reçue : ID=816746622, type=autre
2026-09-26 22:57:15,989 - httpx - INFO - HTTP Request: POST https://api.telegram.org/bot7580250572:AAHmXuKZGap_jrmDRcgPIK3DhOq1mQ2eb9c/answerCallbackQuery "HTTP/1.1 200 OK"
2026-09-26 22:57:15,992 - handlers.staff_handlers - WARNING - Tentative d'accès staff refusée pour l'utilisateur 1340055152
2026-09-26 22:57:15,992 - webhook_app - INFO - ✅ Update 816746622 traitée avec succès.
2026-09-26 22:57:16,513 - webhook_app - INFO - 📩 Update reçue : ID=816746623, type=autre
2026-09-26 22:57:16,656 - httpx - INFO - HTTP Request: POST https://api.telegram.org/bot7580250572:AAHmXuKZGap_jrmDRcgPIK3DhOq1mQ2eb9c/answerCallbackQuery "HTTP/1.1 200 OK"
2026-09-26 22:57:16,658 - handlers.staff_handlers - WARNING - Tentative d'accès staff refusée pour l'utilisateur 1340055152
2026-09-26 22:57:16,659 - webhook_app - INFO - ✅ Update 816746623 traitée avec succès.
2026-09-26 22:57:16,983 - webhook_app - INFO - 📩 Update reçue : ID=816746624, type=autre
2026-09-26 22:57:17,114 - httpx - INFO - HTTP Request: POST https://api.telegram.org/bot7580250572:AAHmXuKZGap_jrmDRcgPIK3DhOq1mQ2eb9c/answerCallbackQuery "HTTP/1.1 200 OK"
2026-09-26 22:57:17,116 - handlers.staff_handlers - WARNING - Tentative d'accès staff refusée pour l'utilisateur 1340055152
2026-09-26 22:57:17,117 - webhook_app - INFO - ✅ Update 816746624 traitée avec succès.
2026-09-26 22:57:19,325 - webhook_app - INFO - 📩 Update reçue : ID=816746625, type=autre
2026-09-26 22:57:19,459 - httpx - INFO - HTTP Request: POST https://api.telegram.org/bot7580250572:AAHmXuKZGap_jrmDRcgPIK3DhOq1mQ2eb9c/answerCallbackQuery "HTTP/1.1 200 OK"
2026-09-26 22:57:19,605 - httpx - INFO - HTTP Request: POST https://api.telegram.org/bot7580250572:AAHmXuKZGap_jrmDRcgPIK3DhOq1mQ2eb9c/editMessageText "HTTP/1.1 200 OK"
2026-09-26 22:57:19,606 - webhook_app - INFO - ✅ Update 816746625 traitée avec succès.
2026-09-26 22:57:21,226 - webhook_app - INFO - 📩 Update reçue : ID=816746626, type=autre
2026-09-26 22:57:21,361 - httpx - INFO - HTTP Request: POST https://api.telegram.org/bot7580250572:AAHmXuKZGap_jrmDRcgPIK3DhOq1mQ2eb9c/answerCallbackQuery "HTTP/1.1 200 OK"
2026-09-26 22:57:21,493 - httpx - INFO - HTTP Request: POST https://api.telegram.org/bot7580250572:AAHmXuKZGap_jrmDRcgPIK3DhOq1mQ2eb9c/answerCallbackQuery "HTTP/1.1 200 OK"
2026-09-26 22:57:21,513 - database.repositories.admin - ERROR - Erreur get_config_value (max_total_demandes) : (1054, "Unknown column 'valeur' in 'field list'")
2026-09-26 22:57:21,524 - database.repositories.admin - ERROR - Erreur get_config_value (max_demandes_per_user) : (1054, "Unknown column 'valeur' in 'field list'")
2026-09-26 22:57:21,666 - httpx - INFO - HTTP Request: POST https://api.telegram.org/bot7580250572:AAHmXuKZGap_jrmDRcgPIK3DhOq1mQ2eb9c/deleteMessage "HTTP/1.1 200 OK"
2026-09-26 22:57:21,838 - httpx - INFO - HTTP Request: POST https://api.telegram.org/bot7580250572:AAHmXuKZGap_jrmDRcgPIK3DhOq1mQ2eb9c/sendPhoto "HTTP/1.1 200 OK"
2026-09-26 22:57:21,840 - webhook_app - INFO - ✅ Update 816746626 traitée avec succès.
2026-09-26 22:57:26,414 - apscheduler.executors.default - INFO - Running job "check_and_send_admin_reminders (trigger: interval[1:00:00], next run at: 2026-09-26 21:57:26 UTC)" (scheduled at 2026-09-26 20:57:26.408524+00:00)
2026-09-26 22:57:26,419 - apscheduler.executors.default - INFO - Job "check_and_send_admin_reminders (trigger: interval[1:00:00], next run at: 2026-09-26 21:57:26 UTC)" executed successfully
2026-09-26 22:57:27,759 - webhook_app - INFO - 📩 Update reçue : ID=816746627, type=autre
2026-09-26 22:57:27,921 - httpx - INFO - HTTP Request: POST https://api.telegram.org/bot7580250572:AAHmXuKZGap_jrmDRcgPIK3DhOq1mQ2eb9c/answerCallbackQuery "HTTP/1.1 200 OK"
2026-09-26 22:57:28,058 - httpx - INFO - HTTP Request: POST https://api.telegram.org/bot7580250572:AAHmXuKZGap_jrmDRcgPIK3DhOq1mQ2eb9c/deleteMessage "HTTP/1.1 200 OK"
2026-09-26 22:57:28,207 - httpx - INFO - HTTP Request: POST https://api.telegram.org/bot7580250572:AAHmXuKZGap_jrmDRcgPIK3DhOq1mQ2eb9c/sendMessage "HTTP/1.1 200 OK"
2026-09-26 22:57:28,208 - webhook_app - INFO - ✅ Update 816746627 traitée avec succès.
2026-09-26 22:57:31,534 - webhook_app - INFO - 📩 Update reçue : ID=816746628, type=autre
2026-09-26 22:57:31,664 - httpx - INFO - HTTP Request: POST https://api.telegram.org/bot7580250572:AAHmXuKZGap_jrmDRcgPIK3DhOq1mQ2eb9c/answerCallbackQuery "HTTP/1.1 200 OK"
2026-09-26 22:57:31,679 - database.repositories.admin - ERROR - Erreur get_config_value (demandes_enabled) : (1054, "Unknown column 'valeur' in 'field list'")
2026-09-26 22:57:31,695 - database.repositories.admin - ERROR - Erreur get_config_value (max_total_demandes) : (1054, "Unknown column 'valeur' in 'field list'")
2026-09-26 22:57:31,706 - database.repositories.admin - ERROR - Erreur get_config_value (max_demandes_per_user) : (1054, "Unknown column 'valeur' in 'field list'")
2026-09-26 22:57:31,854 - httpx - INFO - HTTP Request: POST https://api.telegram.org/bot7580250572:AAHmXuKZGap_jrmDRcgPIK3DhOq1mQ2eb9c/editMessageText "HTTP/1.1 200 OK"
2026-09-26 22:57:31,856 - webhook_app - INFO - ✅ Update 816746628 traitée avec succès.
2026-09-26 22:57:32,965 - webhook_app - INFO - 📩 Update reçue : ID=816746629, type=autre
2026-09-26 22:57:32,978 - database.repositories.admin - ERROR - Erreur get_config_value (demandes_enabled) : (1054, "Unknown column 'valeur' in 'field list'")
2026-09-26 22:57:32,991 - database.repositories.admin - ERROR - Erreur get_config_value (max_demandes_per_user) : (1054, "Unknown column 'valeur' in 'field list'")
2026-09-26 22:57:33,011 - database.repositories.admin - ERROR - Erreur get_config_value (allow_hetero_insta) : (1054, "Unknown column 'valeur' in 'field list'")
2026-09-26 22:57:33,022 - database.repositories.admin - ERROR - Erreur get_config_value (allow_hetero_snap) : (1054, "Unknown column 'valeur' in 'field list'")
2026-09-26 22:57:33,175 - httpx - INFO - HTTP Request: POST https://api.telegram.org/bot7580250572:AAHmXuKZGap_jrmDRcgPIK3DhOq1mQ2eb9c/answerCallbackQuery "HTTP/1.1 200 OK"
2026-09-26 22:57:33,384 - httpx - INFO - HTTP Request: POST https://api.telegram.org/bot7580250572:AAHmXuKZGap_jrmDRcgPIK3DhOq1mQ2eb9c/editMessageText "HTTP/1.1 200 OK"
2026-09-26 22:57:33,385 - webhook_app - INFO - ✅ Update 816746629 traitée avec succès.
2026-09-26 22:57:35,282 - webhook_app - INFO - 📩 Update reçue : ID=816746630, type=Test
2026-09-26 22:57:35,296 - database.repositories.admin - ERROR - Erreur get_config_value (demandes_enabled) : (1054, "Unknown column 'valeur' in 'field list'")
2026-09-26 22:57:35,309 - database.repositories.admin - ERROR - Erreur get_config_value (max_demandes_per_user) : (1054, "Unknown column 'valeur' in 'field list'")
2026-09-26 22:57:35,456 - httpx - INFO - HTTP Request: POST https://api.telegram.org/bot7580250572:AAHmXuKZGap_jrmDRcgPIK3DhOq1mQ2eb9c/sendMessage "HTTP/1.1 200 OK"
2026-09-26 22:57:35,458 - webhook_app - INFO - ✅ Update 816746630 traitée avec succès.
2026-09-26 22:57:36,905 - webhook_app - INFO - 📩 Update reçue : ID=816746631, type=Test
2026-09-26 22:57:36,924 - database.repositories.admin - ERROR - Erreur get_config_value (demandes_enabled) : (1054, "Unknown column 'valeur' in 'field list'")
2026-09-26 22:57:36,940 - database.repositories.admin - ERROR - Erreur get_config_value (max_demandes_per_user) : (1054, "Unknown column 'valeur' in 'field list'")
2026-09-26 22:57:37,165 - httpx - INFO - HTTP Request: POST https://api.telegram.org/bot7580250572:AAHmXuKZGap_jrmDRcgPIK3DhOq1mQ2eb9c/sendMessage "HTTP/1.1 200 OK"
2026-09-26 22:57:37,166 - webhook_app - INFO - ✅ Update 816746631 traitée avec succès.
2026-09-26 22:57:39,847 - webhook_app - INFO - 📩 Update reçue : ID=816746632, type=21
2026-09-26 22:57:39,858 - database.repositories.admin - ERROR - Erreur get_config_value (demandes_enabled) : (1054, "Unknown column 'valeur' in 'field list'")
2026-09-26 22:57:39,867 - database.repositories.admin - ERROR - Erreur get_config_value (max_demandes_per_user) : (1054, "Unknown column 'valeur' in 'field list'")
2026-09-26 22:57:40,013 - httpx - INFO - HTTP Request: POST https://api.telegram.org/bot7580250572:AAHmXuKZGap_jrmDRcgPIK3DhOq1mQ2eb9c/sendMessage "HTTP/1.1 200 OK"
2026-09-26 22:57:40,014 - webhook_app - INFO - ✅ Update 816746632 traitée avec succès.
2026-09-26 22:57:41,412 - apscheduler.executors.default - INFO - Running job "check_and_auto_archive_demandes (trigger: interval[1:00:00], next run at: 2026-09-26 21:57:41 UTC)" (scheduled at 2026-09-26 20:57:41.410104+00:00)
2026-09-26 22:57:41,433 - database.repositories.admin - ERROR - Erreur get_config_value (auto_archive_hours) : (1054, "Unknown column 'valeur' in 'field list'")
2026-09-26 22:57:41,435 - apscheduler.executors.default - INFO - Job "check_and_auto_archive_demandes (trigger: interval[1:00:00], next run at: 2026-09-26 21:57:41 UTC)" executed successfully
2026-09-26 22:57:42,264 - webhook_app - INFO - 📩 Update reçue : ID=816746633, type=Prie
2026-09-26 22:57:42,278 - database.repositories.admin - ERROR - Erreur get_config_value (demandes_enabled) : (1054, "Unknown column 'valeur' in 'field list'")
2026-09-26 22:57:42,289 - database.repositories.admin - ERROR - Erreur get_config_value (max_demandes_per_user) : (1054, "Unknown column 'valeur' in 'field list'")
2026-09-26 22:57:42,432 - httpx - INFO - HTTP Request: POST https://api.telegram.org/bot7580250572:AAHmXuKZGap_jrmDRcgPIK3DhOq1mQ2eb9c/sendMessage "HTTP/1.1 200 OK"
2026-09-26 22:57:42,434 - webhook_app - INFO - ✅ Update 816746633 traitée avec succès.
2026-09-26 22:57:48,259 - webhook_app - INFO - 📩 Update reçue : ID=816746634, type=autre
2026-09-26 22:57:48,274 - database.repositories.admin - ERROR - Erreur get_config_value (demandes_enabled) : (1054, "Unknown column 'valeur' in 'field list'")
2026-09-26 22:57:48,285 - database.repositories.admin - ERROR - Erreur get_config_value (max_demandes_per_user) : (1054, "Unknown column 'valeur' in 'field list'")
2026-09-26 22:57:48,461 - httpx - INFO - HTTP Request: POST https://api.telegram.org/bot7580250572:AAHmXuKZGap_jrmDRcgPIK3DhOq1mQ2eb9c/sendMessage "HTTP/1.1 200 OK"
2026-09-26 22:57:48,463 - webhook_app - INFO - ✅ Update 816746634 traitée avec succès.
2026-09-26 22:57:51,321 - webhook_app - INFO - 📩 Update reçue : ID=816746635, type=Test
2026-09-26 22:57:51,342 - database.repositories.admin - ERROR - Erreur get_config_value (demandes_enabled) : (1054, "Unknown column 'valeur' in 'field list'")
2026-09-26 22:57:51,361 - database.repositories.admin - ERROR - Erreur get_config_value (max_demandes_per_user) : (1054, "Unknown column 'valeur' in 'field list'")
2026-09-26 22:57:51,375 - database.repositories.admin - ERROR - Erreur get_config_value (allow_hetero_insta) : (1054, "Unknown column 'valeur' in 'field list'")
2026-09-26 22:57:51,388 - database.repositories.admin - ERROR - Erreur get_config_value (max_hetero_insta) : (1054, "Unknown column 'valeur' in 'field list'")
2026-09-26 22:57:51,538 - httpx - INFO - HTTP Request: POST https://api.telegram.org/bot7580250572:AAHmXuKZGap_jrmDRcgPIK3DhOq1mQ2eb9c/sendMessage "HTTP/1.1 200 OK"
2026-09-26 22:57:51,540 - webhook_app - INFO - ✅ Update 816746635 traitée avec succès.
2026-09-26 22:57:53,785 - webhook_app - INFO - 📩 Update reçue : ID=816746636, type=Teste
2026-09-26 22:57:53,797 - database.repositories.admin - ERROR - Erreur get_config_value (demandes_enabled) : (1054, "Unknown column 'valeur' in 'field list'")
2026-09-26 22:57:53,808 - database.repositories.admin - ERROR - Erreur get_config_value (max_demandes_per_user) : (1054, "Unknown column 'valeur' in 'field list'")
2026-09-26 22:57:53,819 - database.repositories.admin - ERROR - Erreur get_config_value (allow_hetero_snap) : (1054, "Unknown column 'valeur' in 'field list'")
2026-09-26 22:57:53,830 - database.repositories.admin - ERROR - Erreur get_config_value (max_hetero_snap) : (1054, "Unknown column 'valeur' in 'field list'")
2026-09-26 22:57:53,981 - httpx - INFO - HTTP Request: POST https://api.telegram.org/bot7580250572:AAHmXuKZGap_jrmDRcgPIK3DhOq1mQ2eb9c/sendMessage "HTTP/1.1 200 OK"
2026-09-26 22:57:53,982 - webhook_app - INFO - ✅ Update 816746636 traitée avec succès.
2026-09-26 22:57:56,413 - apscheduler.executors.default - INFO - Running job "check_and_send_delivery_reminders (trigger: interval[6:00:00], next run at: 2026-09-27 02:57:56 UTC)" (scheduled at 2026-09-26 20:57:56.410410+00:00)
2026-09-26 22:57:56,428 - database.repositories.admin - ERROR - Erreur get_config_value (delivery_reminder_days) : (1054, "Unknown column 'valeur' in 'field list'")
2026-09-26 22:57:56,428 - main - ERROR - Erreur lors de la vérification des rappels de livraison : 'DatabaseManager' object has no attribute 'get_undelivered_terminee_demandes_for_reminder'
2026-09-26 22:57:56,428 - apscheduler.executors.default - INFO - Job "check_and_send_delivery_reminders (trigger: interval[6:00:00], next run at: 2026-09-27 02:57:56 UTC)" executed successfully
2026-09-26 22:57:56,478 - webhook_app - INFO - 📩 Update reçue : ID=816746637, type=No
2026-09-26 22:57:56,498 - database.repositories.admin - ERROR - Erreur get_config_value (demandes_enabled) : (1054, "Unknown column 'valeur' in 'field list'")
2026-09-26 22:57:56,510 - database.repositories.admin - ERROR - Erreur get_config_value (max_demandes_per_user) : (1054, "Unknown column 'valeur' in 'field list'")
2026-09-26 22:57:56,658 - httpx - INFO - HTTP Request: POST https://api.telegram.org/bot7580250572:AAHmXuKZGap_jrmDRcgPIK3DhOq1mQ2eb9c/sendMessage "HTTP/1.1 200 OK"
2026-09-26 22:57:56,659 - webhook_app - INFO - ✅ Update 816746637 traitée avec succès.
2026-09-26 22:57:58,128 - webhook_app - INFO - 📩 Update reçue : ID=816746638, type=autre
2026-09-26 22:57:58,139 - database.repositories.admin - ERROR - Erreur get_config_value (demandes_enabled) : (1054, "Unknown column 'valeur' in 'field list'")
2026-09-26 22:57:58,149 - database.repositories.admin - ERROR - Erreur get_config_value (max_demandes_per_user) : (1054, "Unknown column 'valeur' in 'field list'")
2026-09-26 22:57:58,289 - httpx - INFO - HTTP Request: POST https://api.telegram.org/bot7580250572:AAHmXuKZGap_jrmDRcgPIK3DhOq1mQ2eb9c/answerCallbackQuery "HTTP/1.1 200 OK"
2026-09-26 22:57:58,301 - database.repositories.admin - ERROR - Erreur get_config_value (demandes_enabled) : (1054, "Unknown column 'valeur' in 'field list'")
2026-09-26 22:57:58,311 - database.repositories.admin - ERROR - Erreur get_config_value (max_demandes_per_user) : (1054, "Unknown column 'valeur' in 'field list'")
2026-09-26 22:57:58,325 - database.repositories.admin - ERROR - Erreur get_config_value (demandes_enabled) : (1054, "Unknown column 'valeur' in 'field list'")
2026-09-26 22:57:58,335 - database.repositories.admin - ERROR - Erreur get_config_value (max_demandes_per_user) : (1054, "Unknown column 'valeur' in 'field list'")
2026-09-26 22:57:58,345 - handlers.user.formulaire - INFO - Demande #2 créée (ID: 4) pour l'utilisateur 1340055152 (Orientation: hetero, Statut: 📥 Reçue, Cible Staff: None)
2026-09-26 22:57:58,483 - httpx - INFO - HTTP Request: POST https://api.telegram.org/bot7580250572:AAHmXuKZGap_jrmDRcgPIK3DhOq1mQ2eb9c/editMessageText "HTTP/1.1 200 OK"
2026-09-26 22:57:58,492 - webhook_app - INFO - ✅ Update 816746638 traitée avec succès.
2026-09-26 22:57:58,650 - httpx - INFO - HTTP Request: POST https://api.telegram.org/bot7580250572:AAHmXuKZGap_jrmDRcgPIK3DhOq1mQ2eb9c/sendPhoto "HTTP/1.1 200 OK"
2026-09-26 22:57:58,788 - httpx - INFO - HTTP Request: POST https://api.telegram.org/bot7580250572:AAHmXuKZGap_jrmDRcgPIK3DhOq1mQ2eb9c/sendPhoto "HTTP/1.1 200 OK"
2026-09-26 22:58:01,126 - webhook_app - INFO - 📩 Update reçue : ID=816746639, type=/demandes
2026-09-26 22:58:01,149 - database.repositories.admin - ERROR - Erreur get_config_value (max_total_demandes) : (1054, "Unknown column 'valeur' in 'field list'")
2026-09-26 22:58:01,163 - database.repositories.admin - ERROR - Erreur get_config_value (max_demandes_per_user) : (1054, "Unknown column 'valeur' in 'field list'")
2026-09-26 22:58:01,319 - httpx - INFO - HTTP Request: POST https://api.telegram.org/bot7580250572:AAHmXuKZGap_jrmDRcgPIK3DhOq1mQ2eb9c/sendPhoto "HTTP/1.1 200 OK"
2026-09-26 22:58:01,320 - webhook_app - INFO - ✅ Update 816746639 traitée avec succès.
2026-09-26 22:58:03,025 - webhook_app - INFO - 📩 Update reçue : ID=816746640, type=autre
2026-09-26 22:58:03,068 - database.repositories.admin - ERROR - Erreur get_config_value (maintenance_mode) : (1054, "Unknown column 'valeur' in 'field list'")
2026-09-26 22:58:03,086 - database.repositories.admin - ERROR - Erreur get_config_value (bot_active) : (1054, "Unknown column 'valeur' in 'field list'")
2026-09-26 22:58:03,216 - httpx - INFO - HTTP Request: POST https://api.telegram.org/bot7580250572:AAHmXuKZGap_jrmDRcgPIK3DhOq1mQ2eb9c/answerCallbackQuery "HTTP/1.1 200 OK"
2026-09-26 22:58:03,354 - httpx - INFO - HTTP Request: POST https://api.telegram.org/bot7580250572:AAHmXuKZGap_jrmDRcgPIK3DhOq1mQ2eb9c/answerCallbackQuery "HTTP/1.1 200 OK"
2026-09-26 22:58:03,376 - database.repositories.admin - ERROR - Erreur get_config_value (max_total_demandes) : (1054, "Unknown column 'valeur' in 'field list'")
2026-09-26 22:58:03,390 - database.repositories.admin - ERROR - Erreur get_config_value (max_demandes_per_user) : (1054, "Unknown column 'valeur' in 'field list'")
2026-09-26 22:58:03,597 - httpx - INFO - HTTP Request: POST https://api.telegram.org/bot7580250572:AAHmXuKZGap_jrmDRcgPIK3DhOq1mQ2eb9c/editMessageMedia "HTTP/1.1 200 OK"
2026-09-26 22:58:03,599 - webhook_app - INFO - ✅ Update 816746640 traitée avec succès.
2026-09-26 22:58:10,746 - webhook_app - INFO - 📩 Update reçue : ID=816746641, type=autre
2026-09-26 22:58:10,910 - httpx - INFO - HTTP Request: POST https://api.telegram.org/bot7580250572:AAHmXuKZGap_jrmDRcgPIK3DhOq1mQ2eb9c/answerCallbackQuery "HTTP/1.1 200 OK"
2026-09-26 22:58:11,061 - httpx - INFO - HTTP Request: POST https://api.telegram.org/bot7580250572:AAHmXuKZGap_jrmDRcgPIK3DhOq1mQ2eb9c/sendInvoice "HTTP/1.1 200 OK"
2026-09-26 22:58:11,063 - webhook_app - INFO - ✅ Update 816746641 traitée avec succès.
2026-09-26 22:58:11,413 - apscheduler.executors.default - INFO - Running job "check_and_send_paid_delivery_reminders (trigger: interval[1 day, 0:00:00], next run at: 2026-09-27 20:58:11 UTC)" (scheduled at 2026-09-26 20:58:11.410725+00:00)
2026-09-26 22:58:11,413 - main - ERROR - Erreur lors de la vérification des rappels de livraison payée : 'DatabaseManager' object has no attribute 'get_paid_undelivered_demandes_for_reminder'
2026-09-26 22:58:11,413 - apscheduler.executors.default - INFO - Job "check_and_send_paid_delivery_reminders (trigger: interval[1 day, 0:00:00], next run at: 2026-09-27 20:58:11 UTC)" executed successfully
2026-09-26 22:58:18,130 - webhook_app - INFO - 📩 Update reçue : ID=816746642, type=autre
2026-09-26 22:58:18,288 - httpx - INFO - HTTP Request: POST https://api.telegram.org/bot7580250572:AAHmXuKZGap_jrmDRcgPIK3DhOq1mQ2eb9c/answerCallbackQuery "HTTP/1.1 200 OK"
2026-09-26 22:58:18,420 - httpx - INFO - HTTP Request: POST https://api.telegram.org/bot7580250572:AAHmXuKZGap_jrmDRcgPIK3DhOq1mQ2eb9c/deleteMessage "HTTP/1.1 200 OK"
2026-09-26 22:58:18,569 - httpx - INFO - HTTP Request: POST https://api.telegram.org/bot7580250572:AAHmXuKZGap_jrmDRcgPIK3DhOq1mQ2eb9c/sendMessage "HTTP/1.1 200 OK"
2026-09-26 22:58:18,571 - webhook_app - INFO - ✅ Update 816746642 traitée avec succès.
2026-09-26 22:58:22,584 - webhook_app - INFO - 📩 Update reçue : ID=816746643, type=autre
2026-09-26 22:58:22,737 - httpx - INFO - HTTP Request: POST https://api.telegram.org/bot7580250572:AAHmXuKZGap_jrmDRcgPIK3DhOq1mQ2eb9c/answerCallbackQuery "HTTP/1.1 200 OK"
2026-09-26 22:58:22,880 - httpx - INFO - HTTP Request: POST https://api.telegram.org/bot7580250572:AAHmXuKZGap_jrmDRcgPIK3DhOq1mQ2eb9c/editMessageText "HTTP/1.1 200 OK"
2026-09-26 22:58:22,881 - webhook_app - INFO - ✅ Update 816746643 traitée avec succès.
2026-09-26 22:58:23,620 - webhook_app - INFO - 📩 Update reçue : ID=816746644, type=autre
2026-09-26 22:58:23,752 - httpx - INFO - HTTP Request: POST https://api.telegram.org/bot7580250572:AAHmXuKZGap_jrmDRcgPIK3DhOq1mQ2eb9c/answerCallbackQuery "HTTP/1.1 200 OK"
2026-09-26 22:58:23,754 - handlers.staff_handlers - WARNING - Tentative d'accès staff refusée pour l'utilisateur 1340055152
2026-09-26 22:58:23,755 - webhook_app - INFO - ✅ Update 816746644 traitée avec succès.
2026-09-26 22:58:26,414 - apscheduler.executors.default - INFO - Running job "check_and_send_unpaid_demande_reminders (trigger: interval[6:00:00], next run at: 2026-09-27 02:58:26 UTC)" (scheduled at 2026-09-26 20:58:26.411065+00:00)
2026-09-26 22:58:26,414 - main - ERROR - Erreur vérification rappels d'impayés demandeurs : 'DatabaseManager' object has no attribute 'get_unpaid_reussie_demandes_for_reminder'
2026-09-26 22:58:26,415 - apscheduler.executors.default - INFO - Job "check_and_send_unpaid_demande_reminders (trigger: interval[6:00:00], next run at: 2026-09-27 02:58:26 UTC)" executed successfully
2026-09-26 22:58:41,426 - apscheduler.executors.default - INFO - Running job "check_and_auto_abandon_expired_remun_demandes (trigger: interval[6:00:00], next run at: 2026-09-27 02:58:41 UTC)" (scheduled at 2026-09-26 20:58:41.411331+00:00)
2026-09-26 22:58:41,441 - database.repositories.admin - ERROR - Erreur get_config_value (remun_expiration_days) : (1054, "Unknown column 'valeur' in 'field list'")
2026-09-26 22:58:41,442 - main - ERROR - Erreur lors de la vérification de l'abandon automatique pour délai de rémunération : 'DatabaseManager' object has no attribute 'get_expired_remun_demandes_for_abandon'
2026-09-26 22:58:41,442 - apscheduler.executors.default - INFO - Job "check_and_auto_abandon_expired_remun_demandes (trigger: interval[6:00:00], next run at: 2026-09-27 02:58:41 UTC)" executed successfully
2026-09-26 23:01:05,606 - webhook_app - INFO - 🚀 Démarrage des tâches périodiques en arrière-plan...
2026-09-26 23:01:05,632 - database.repositories.admin - ERROR - Erreur get_config_value (auto_archive_hours) : (1054, "Unknown column 'valeur' in 'field list'")
2026-09-26 23:01:05,647 - database.repositories.admin - ERROR - Erreur get_config_value (delivery_reminder_days) : (1054, "Unknown column 'valeur' in 'field list'")
2026-09-26 23:01:05,647 - main - ERROR - Erreur lors de la vérification des rappels de livraison : 'DatabaseManager' object has no attribute 'get_undelivered_terminee_demandes_for_reminder'
2026-09-26 23:01:05,648 - main - ERROR - Erreur lors de la vérification des rappels de livraison payée : 'DatabaseManager' object has no attribute 'get_paid_undelivered_demandes_for_reminder'
2026-09-26 23:01:05,648 - main - ERROR - Erreur vérification rappels d'impayés demandeurs : 'DatabaseManager' object has no attribute 'get_unpaid_reussie_demandes_for_reminder'
2026-09-26 23:01:05,661 - database.repositories.admin - ERROR - Erreur get_config_value (remun_expiration_days) : (1054, "Unknown column 'valeur' in 'field list'")
2026-09-26 23:01:05,661 - main - ERROR - Erreur lors de la vérification de l'abandon automatique pour délai de rémunération : 'DatabaseManager' object has no attribute 'get_expired_remun_demandes_for_abandon'
2026-09-26 23:01:05,661 - webhook_app - INFO - 🏁 Fin de l'exécution des tâches périodiques.
2026-09-26 23:18:16,800 - config - INFO - Toutes les variables d'environnement requises sont présentes
2026-09-26 23:18:25,324 - webhook_app - INFO - ⚡ Initialisation post-fork du Bot et de l'Event Loop (PID: 2)
2026-09-26 23:18:25,327 - config - INFO - Toutes les variables d'environnement requises sont présentes
2026-09-26 23:18:25,827 - database.connection - INFO - Pool MySQL établi sur paraworld.mysql.eu.pythonanywhere-services.com (base : paraworld$telegramDB) [PID: 2]
2026-09-26 23:18:25,827 - database.connection - INFO - ConnectionManager initialisé avec pool de 2 connexions.
2026-09-26 23:18:25,983 - database.schema - INFO - Vérification et création des tables terminées avec succès.
2026-09-26 23:18:25,988 - config - INFO - Cache rôles chargé : 2 owners, 3 admins (managers) et 1 staff (opérateurs)
2026-09-26 23:18:25,991 - handlers.user.compte - INFO - CompteManager initialisé avec support réglages VIP
2026-09-26 23:18:25,991 - handlers.user.navigation - INFO - NavigationManager initialisé avec support Orientation & Staff
2026-09-26 23:18:25,991 - handlers.user.formulaire - INFO - FormulaireManager initialisé avec support VIP Assignée & Auto-Assign
2026-09-26 23:18:25,992 - handlers.user.demande - INFO - DemandeManager initialisé avec charte graphique unifiée et support RBAC
2026-09-26 23:18:25,992 - handlers.user.edition - INFO - EditionManager initialisé avec support du prix plancher prioritaire et requêtes précompilées
2026-09-26 23:18:25,992 - handlers.staff.suivi - INFO - SuiviManager initialisé avec charte graphique unifiée, confirmation de paiement et surveillance
2026-09-26 23:18:25,992 - handlers.staff.notifs - INFO - NotifsManager initialisé avec support Staff/Admin, Surveillance & Paiement Prio
2026-09-26 23:18:25,992 - handlers.staff.statuts - INFO - StatutsManager initialisé avec support Staff/Admin, Surveillance et Dénouement Période d'essai
2026-09-26 23:18:25,993 - handlers.staff.photos - INFO - PhotosManager initialisé avec supervision hiérarchique
2026-09-26 23:18:25,993 - handlers.staff.notifs - INFO - NotifsManager initialisé avec support Staff/Admin, Surveillance & Paiement Prio
2026-09-26 23:18:25,993 - handlers.staff.dispo - INFO - DispoManager initialisé avec disposition conforme et indicateur de rémunération
2026-09-26 23:18:25,993 - handlers.staff.alias - INFO - AliasManager initialisé avec support Staff/Admin
2026-09-26 23:18:25,993 - handlers.staff.notifs - INFO - NotifsManager initialisé avec support Staff/Admin, Surveillance & Paiement Prio
2026-09-26 23:18:25,994 - handlers.staff.contact - INFO - ContactManager initialisé avec support Multi-Owner
2026-09-26 23:18:25,994 - handlers.staff.profils - INFO - ProfilsManager initialisé avec supervision hiérarchique et contrôle des bannissements
2026-09-26 23:18:25,994 - handlers.staff.archives - INFO - ArchivesManager initialisé avec support double vue (personnelle & générale)
2026-09-26 23:18:25,995 - handlers.staff.alias - INFO - AliasManager initialisé avec support Staff/Admin
2026-09-26 23:18:25,995 - handlers.staff.archives - INFO - ArchivesManager initialisé avec support double vue (personnelle & générale)
2026-09-26 23:18:25,996 - handlers.admin.config - INFO - ConfigManager initialisé avec support Délais, Quotas, Rappels & Rémunération
2026-09-26 23:18:25,997 - handlers.admin.stats - INFO - StatsManager initialisé avec support RBAC
2026-09-26 23:18:25,997 - handlers.admin.bot - INFO - BotManager initialisé avec support Multi-Owner
2026-09-26 23:18:25,997 - handlers.admin.staff - INFO - StaffManager initialisé avec pré-configuration avant validation
2026-09-26 23:18:25,998 - handlers.admin_handlers - INFO - AdminHandlers initialisé avec architecture allégée (Purge, Membres, VIPs isolés).
2026-09-26 23:18:26,248 - root - ERROR - /home/paraworld/teleform/handlers/user/formulaire.py:81: PTBUserWarning: If 'per_message=False', 'CallbackQueryHandler' will not be tracked for every message. Read this FAQ entry to learn more about the per_* settings: https://github.com/python-telegram-bot/python-telegram-bot/wiki/Frequently-Asked-Questions#what-do-the-per_-settings-in-conversationhandler-do.
2026-09-26 23:18:26,249 - root - ERROR -   return ConversationHandler(
2026-09-26 23:18:26,251 - root - ERROR - /home/paraworld/teleform/main.py:679: PTBUserWarning: If 'per_message=False', 'CallbackQueryHandler' will not be tracked for every message. Read this FAQ entry to learn more about the per_* settings: https://github.com/python-telegram-bot/python-telegram-bot/wiki/Frequently-Asked-Questions#what-do-the-per_-settings-in-conversationhandler-do.
2026-09-26 23:18:26,251 - root - ERROR -   modify_alias_conv = ConversationHandler(
2026-09-26 23:18:26,252 - root - ERROR - /home/paraworld/teleform/main.py:699: PTBUserWarning: If 'per_message=False', 'CallbackQueryHandler' will not be tracked for every message. Read this FAQ entry to learn more about the per_* settings: https://github.com/python-telegram-bot/python-telegram-bot/wiki/Frequently-Asked-Questions#what-do-the-per_-settings-in-conversationhandler-do.
2026-09-26 23:18:26,252 - root - ERROR -   contact_owner_conv = ConversationHandler(
2026-09-26 23:18:26,253 - root - ERROR - /home/paraworld/teleform/main.py:722: PTBUserWarning: If 'per_message=False', 'CallbackQueryHandler' will not be tracked for every message. Read this FAQ entry to learn more about the per_* settings: https://github.com/python-telegram-bot/python-telegram-bot/wiki/Frequently-Asked-Questions#what-do-the-per_-settings-in-conversationhandler-do.
2026-09-26 23:18:26,253 - root - ERROR -   owner_reply_conv = ConversationHandler(
2026-09-26 23:18:26,253 - root - ERROR - /home/paraworld/teleform/main.py:745: PTBUserWarning: If 'per_message=False', 'CallbackQueryHandler' will not be tracked for every message. Read this FAQ entry to learn more about the per_* settings: https://github.com/python-telegram-bot/python-telegram-bot/wiki/Frequently-Asked-Questions#what-do-the-per_-settings-in-conversationhandler-do.
2026-09-26 23:18:26,254 - root - ERROR -   add_staff_conv = ConversationHandler(
2026-09-26 23:18:26,254 - root - ERROR - /home/paraworld/teleform/main.py:771: PTBUserWarning: If 'per_message=False', 'CallbackQueryHandler' will not be tracked for every message. Read this FAQ entry to learn more about the per_* settings: https://github.com/python-telegram-bot/python-telegram-bot/wiki/Frequently-Asked-Questions#what-do-the-per_-settings-in-conversationhandler-do.
2026-09-26 23:18:26,254 - root - ERROR -   remove_staff_conv = ConversationHandler(
2026-09-26 23:18:26,255 - root - ERROR - /home/paraworld/teleform/main.py:797: PTBUserWarning: If 'per_message=False', 'CallbackQueryHandler' will not be tracked for every message. Read this FAQ entry to learn more about the per_* settings: https://github.com/python-telegram-bot/python-telegram-bot/wiki/Frequently-Asked-Questions#what-do-the-per_-settings-in-conversationhandler-do.
2026-09-26 23:18:26,255 - root - ERROR -   add_admin_conv = ConversationHandler(
2026-09-26 23:18:26,256 - root - ERROR - /home/paraworld/teleform/main.py:817: PTBUserWarning: If 'per_message=False', 'CallbackQueryHandler' will not be tracked for every message. Read this FAQ entry to learn more about the per_* settings: https://github.com/python-telegram-bot/python-telegram-bot/wiki/Frequently-Asked-Questions#what-do-the-per_-settings-in-conversationhandler-do.
2026-09-26 23:18:26,256 - root - ERROR -   remove_admin_conv = ConversationHandler(
2026-09-26 23:18:26,257 - root - ERROR - /home/paraworld/teleform/main.py:843: PTBUserWarning: If 'per_message=False', 'CallbackQueryHandler' will not be tracked for every message. Read this FAQ entry to learn more about the per_* settings: https://github.com/python-telegram-bot/python-telegram-bot/wiki/Frequently-Asked-Questions#what-do-the-per_-settings-in-conversationhandler-do.
2026-09-26 23:18:26,257 - root - ERROR -   add_vip_conv = ConversationHandler(
2026-09-26 23:18:26,257 - root - ERROR - /home/paraworld/teleform/main.py:867: PTBUserWarning: If 'per_message=False', 'CallbackQueryHandler' will not be tracked for every message. Read this FAQ entry to learn more about the per_* settings: https://github.com/python-telegram-bot/python-telegram-bot/wiki/Frequently-Asked-Questions#what-do-the-per_-settings-in-conversationhandler-do.
2026-09-26 23:18:26,258 - root - ERROR -   remove_vip_conv = ConversationHandler(
2026-09-26 23:18:26,265 - apscheduler.scheduler - INFO - Adding job tentatively -- it will be properly scheduled when the scheduler starts
2026-09-26 23:18:26,265 - apscheduler.scheduler - INFO - Adding job tentatively -- it will be properly scheduled when the scheduler starts
2026-09-26 23:18:26,266 - apscheduler.scheduler - INFO - Adding job tentatively -- it will be properly scheduled when the scheduler starts
2026-09-26 23:18:26,266 - apscheduler.scheduler - INFO - Adding job tentatively -- it will be properly scheduled when the scheduler starts
2026-09-26 23:18:26,266 - apscheduler.scheduler - INFO - Adding job tentatively -- it will be properly scheduled when the scheduler starts
2026-09-26 23:18:26,267 - apscheduler.scheduler - INFO - Adding job tentatively -- it will be properly scheduled when the scheduler starts
2026-09-26 23:18:26,267 - main - INFO - ⏰ Tâches JobQueue configurées et actives.
2026-09-26 23:18:26,313 - httpx - INFO - HTTP Request: POST https://api.telegram.org/bot7580250572:AAHmXuKZGap_jrmDRcgPIK3DhOq1mQ2eb9c/getMe "HTTP/1.1 200 OK"
2026-09-26 23:18:26,316 - apscheduler.scheduler - INFO - Added job "check_and_send_admin_reminders" to job store "default"
2026-09-26 23:18:26,316 - apscheduler.scheduler - INFO - Added job "check_and_auto_archive_demandes" to job store "default"
2026-09-26 23:18:26,317 - apscheduler.scheduler - INFO - Added job "check_and_send_delivery_reminders" to job store "default"
2026-09-26 23:18:26,317 - apscheduler.scheduler - INFO - Added job "check_and_send_paid_delivery_reminders" to job store "default"
2026-09-26 23:18:26,318 - apscheduler.scheduler - INFO - Added job "check_and_send_unpaid_demande_reminders" to job store "default"
2026-09-26 23:18:26,319 - apscheduler.scheduler - INFO - Added job "check_and_auto_abandon_expired_remun_demandes" to job store "default"
2026-09-26 23:18:26,319 - apscheduler.scheduler - INFO - Scheduler started
2026-09-26 23:18:26,320 - telegram.ext.Application - INFO - Application started
2026-09-26 23:18:26,321 - webhook_app - INFO - ✅ Bot Telegram opérationnel dans le worker PID 2
2026-09-26 23:18:26,325 - webhook_app - INFO - 📩 Update reçue : ID=816746645, type=/start
2026-09-26 23:18:26,330 - handlers.user_handlers - INFO - 🚀 Exécution de /start pour user_id=1340055152 (Tom)
2026-09-26 23:18:26,497 - httpx - INFO - HTTP Request: POST https://api.telegram.org/bot7580250572:AAHmXuKZGap_jrmDRcgPIK3DhOq1mQ2eb9c/sendMessage "HTTP/1.1 200 OK"
2026-09-26 23:18:26,499 - handlers.user_handlers - INFO - ✅ Message de bienvenue envoyé avec succès à 1340055152
2026-09-26 23:18:26,499 - webhook_app - INFO - ✅ Update 816746645 traitée avec succès.
2026-09-26 23:18:27,456 - webhook_app - INFO - 📩 Update reçue : ID=816746646, type=autre
2026-09-26 23:18:27,651 - httpx - INFO - HTTP Request: POST https://api.telegram.org/bot7580250572:AAHmXuKZGap_jrmDRcgPIK3DhOq1mQ2eb9c/answerCallbackQuery "HTTP/1.1 200 OK"
2026-09-26 23:18:27,788 - httpx - INFO - HTTP Request: POST https://api.telegram.org/bot7580250572:AAHmXuKZGap_jrmDRcgPIK3DhOq1mQ2eb9c/answerCallbackQuery "HTTP/1.1 200 OK"
2026-09-26 23:18:27,932 - httpx - INFO - HTTP Request: POST https://api.telegram.org/bot7580250572:AAHmXuKZGap_jrmDRcgPIK3DhOq1mQ2eb9c/deleteMessage "HTTP/1.1 200 OK"
2026-09-26 23:18:28,127 - httpx - INFO - HTTP Request: POST https://api.telegram.org/bot7580250572:AAHmXuKZGap_jrmDRcgPIK3DhOq1mQ2eb9c/sendPhoto "HTTP/1.1 200 OK"
2026-09-26 23:18:28,129 - webhook_app - INFO - ✅ Update 816746646 traitée avec succès.
2026-09-26 23:18:29,545 - webhook_app - INFO - 📩 Update reçue : ID=816746647, type=autre
2026-09-26 23:18:29,692 - httpx - INFO - HTTP Request: POST https://api.telegram.org/bot7580250572:AAHmXuKZGap_jrmDRcgPIK3DhOq1mQ2eb9c/answerCallbackQuery "HTTP/1.1 200 OK"
2026-09-26 23:18:29,830 - httpx - INFO - HTTP Request: POST https://api.telegram.org/bot7580250572:AAHmXuKZGap_jrmDRcgPIK3DhOq1mQ2eb9c/answerCallbackQuery "HTTP/1.1 200 OK"
2026-09-26 23:18:29,998 - httpx - INFO - HTTP Request: POST https://api.telegram.org/bot7580250572:AAHmXuKZGap_jrmDRcgPIK3DhOq1mQ2eb9c/editMessageMedia "HTTP/1.1 200 OK"
2026-09-26 23:18:30,000 - webhook_app - INFO - ✅ Update 816746647 traitée avec succès.
2026-09-26 23:18:30,815 - webhook_app - INFO - 📩 Update reçue : ID=816746648, type=autre
2026-09-26 23:18:30,952 - httpx - INFO - HTTP Request: POST https://api.telegram.org/bot7580250572:AAHmXuKZGap_jrmDRcgPIK3DhOq1mQ2eb9c/answerCallbackQuery "HTTP/1.1 200 OK"
2026-09-26 23:18:31,082 - httpx - INFO - HTTP Request: POST https://api.telegram.org/bot7580250572:AAHmXuKZGap_jrmDRcgPIK3DhOq1mQ2eb9c/answerCallbackQuery "HTTP/1.1 200 OK"
2026-09-26 23:18:31,240 - httpx - INFO - HTTP Request: POST https://api.telegram.org/bot7580250572:AAHmXuKZGap_jrmDRcgPIK3DhOq1mQ2eb9c/editMessageMedia "HTTP/1.1 200 OK"
2026-09-26 23:18:31,241 - webhook_app - INFO - ✅ Update 816746648 traitée avec succès.
2026-09-26 23:18:32,556 - webhook_app - INFO - 📩 Update reçue : ID=816746649, type=autre
2026-09-26 23:18:32,734 - httpx - INFO - HTTP Request: POST https://api.telegram.org/bot7580250572:AAHmXuKZGap_jrmDRcgPIK3DhOq1mQ2eb9c/answerCallbackQuery "HTTP/1.1 200 OK"
2026-09-26 23:18:32,873 - httpx - INFO - HTTP Request: POST https://api.telegram.org/bot7580250572:AAHmXuKZGap_jrmDRcgPIK3DhOq1mQ2eb9c/answerCallbackQuery "HTTP/1.1 200 OK"
2026-09-26 23:18:33,050 - httpx - INFO - HTTP Request: POST https://api.telegram.org/bot7580250572:AAHmXuKZGap_jrmDRcgPIK3DhOq1mQ2eb9c/editMessageMedia "HTTP/1.1 200 OK"
2026-09-26 23:18:33,051 - webhook_app - INFO - ✅ Update 816746649 traitée avec succès.
2026-09-26 23:18:34,348 - webhook_app - INFO - 📩 Update reçue : ID=816746650, type=autre
2026-09-26 23:18:34,487 - httpx - INFO - HTTP Request: POST https://api.telegram.org/bot7580250572:AAHmXuKZGap_jrmDRcgPIK3DhOq1mQ2eb9c/answerCallbackQuery "HTTP/1.1 200 OK"
2026-09-26 23:18:34,699 - httpx - INFO - HTTP Request: POST https://api.telegram.org/bot7580250572:AAHmXuKZGap_jrmDRcgPIK3DhOq1mQ2eb9c/answerCallbackQuery "HTTP/1.1 200 OK"
2026-09-26 23:18:34,856 - httpx - INFO - HTTP Request: POST https://api.telegram.org/bot7580250572:AAHmXuKZGap_jrmDRcgPIK3DhOq1mQ2eb9c/editMessageMedia "HTTP/1.1 200 OK"
2026-09-26 23:18:34,858 - webhook_app - INFO - ✅ Update 816746650 traitée avec succès.
2026-09-26 23:18:35,821 - webhook_app - INFO - 📩 Update reçue : ID=816746651, type=autre
2026-09-26 23:18:35,955 - httpx - INFO - HTTP Request: POST https://api.telegram.org/bot7580250572:AAHmXuKZGap_jrmDRcgPIK3DhOq1mQ2eb9c/answerCallbackQuery "HTTP/1.1 200 OK"
2026-09-26 23:18:36,089 - httpx - INFO - HTTP Request: POST https://api.telegram.org/bot7580250572:AAHmXuKZGap_jrmDRcgPIK3DhOq1mQ2eb9c/answerCallbackQuery "HTTP/1.1 200 OK"
2026-09-26 23:18:36,253 - httpx - INFO - HTTP Request: POST https://api.telegram.org/bot7580250572:AAHmXuKZGap_jrmDRcgPIK3DhOq1mQ2eb9c/editMessageMedia "HTTP/1.1 200 OK"
2026-09-26 23:18:36,256 - webhook_app - INFO - ✅ Update 816746651 traitée avec succès.
2026-09-26 23:18:38,443 - webhook_app - INFO - 📩 Update reçue : ID=816746652, type=autre
2026-09-26 23:18:38,579 - httpx - INFO - HTTP Request: POST https://api.telegram.org/bot7580250572:AAHmXuKZGap_jrmDRcgPIK3DhOq1mQ2eb9c/answerCallbackQuery "HTTP/1.1 200 OK"
2026-09-26 23:18:38,709 - httpx - INFO - HTTP Request: POST https://api.telegram.org/bot7580250572:AAHmXuKZGap_jrmDRcgPIK3DhOq1mQ2eb9c/answerCallbackQuery "HTTP/1.1 200 OK"
2026-09-26 23:18:39,011 - httpx - INFO - HTTP Request: POST https://api.telegram.org/bot7580250572:AAHmXuKZGap_jrmDRcgPIK3DhOq1mQ2eb9c/editMessageMedia "HTTP/1.1 200 OK"
2026-09-26 23:18:39,013 - webhook_app - INFO - ✅ Update 816746652 traitée avec succès.
2026-09-26 23:18:39,732 - webhook_app - INFO - 📩 Update reçue : ID=816746653, type=autre
2026-09-26 23:18:39,862 - httpx - INFO - HTTP Request: POST https://api.telegram.org/bot7580250572:AAHmXuKZGap_jrmDRcgPIK3DhOq1mQ2eb9c/answerCallbackQuery "HTTP/1.1 200 OK"
2026-09-26 23:18:39,993 - httpx - INFO - HTTP Request: POST https://api.telegram.org/bot7580250572:AAHmXuKZGap_jrmDRcgPIK3DhOq1mQ2eb9c/answerCallbackQuery "HTTP/1.1 200 OK"
2026-09-26 23:18:40,153 - httpx - INFO - HTTP Request: POST https://api.telegram.org/bot7580250572:AAHmXuKZGap_jrmDRcgPIK3DhOq1mQ2eb9c/editMessageMedia "HTTP/1.1 200 OK"
2026-09-26 23:18:40,154 - webhook_app - INFO - ✅ Update 816746653 traitée avec succès.
2026-09-26 23:18:40,909 - webhook_app - INFO - 📩 Update reçue : ID=816746654, type=autre
2026-09-26 23:18:41,061 - httpx - INFO - HTTP Request: POST https://api.telegram.org/bot7580250572:AAHmXuKZGap_jrmDRcgPIK3DhOq1mQ2eb9c/answerCallbackQuery "HTTP/1.1 200 OK"
2026-09-26 23:18:41,196 - httpx - INFO - HTTP Request: POST https://api.telegram.org/bot7580250572:AAHmXuKZGap_jrmDRcgPIK3DhOq1mQ2eb9c/answerCallbackQuery "HTTP/1.1 200 OK"
2026-09-26 23:18:41,265 - apscheduler.executors.default - INFO - Running job "check_and_send_admin_reminders (trigger: interval[1:00:00], next run at: 2026-09-26 22:18:41 UTC)" (scheduled at 2026-09-26 21:18:41.263550+00:00)
2026-09-26 23:18:41,300 - apscheduler.executors.default - INFO - Job "check_and_send_admin_reminders (trigger: interval[1:00:00], next run at: 2026-09-26 22:18:41 UTC)" executed successfully
2026-09-26 23:18:41,360 - httpx - INFO - HTTP Request: POST https://api.telegram.org/bot7580250572:AAHmXuKZGap_jrmDRcgPIK3DhOq1mQ2eb9c/editMessageMedia "HTTP/1.1 200 OK"
2026-09-26 23:18:41,361 - webhook_app - INFO - ✅ Update 816746654 traitée avec succès.
2026-09-26 23:18:42,105 - webhook_app - INFO - 📩 Update reçue : ID=816746655, type=autre
2026-09-26 23:18:42,243 - httpx - INFO - HTTP Request: POST https://api.telegram.org/bot7580250572:AAHmXuKZGap_jrmDRcgPIK3DhOq1mQ2eb9c/answerCallbackQuery "HTTP/1.1 200 OK"
2026-09-26 23:18:42,391 - httpx - INFO - HTTP Request: POST https://api.telegram.org/bot7580250572:AAHmXuKZGap_jrmDRcgPIK3DhOq1mQ2eb9c/answerCallbackQuery "HTTP/1.1 200 OK"
2026-09-26 23:18:42,558 - httpx - INFO - HTTP Request: POST https://api.telegram.org/bot7580250572:AAHmXuKZGap_jrmDRcgPIK3DhOq1mQ2eb9c/editMessageMedia "HTTP/1.1 200 OK"
2026-09-26 23:18:42,561 - webhook_app - INFO - ✅ Update 816746655 traitée avec succès.
2026-09-26 23:18:43,217 - webhook_app - INFO - 📩 Update reçue : ID=816746656, type=autre
2026-09-26 23:18:43,364 - httpx - INFO - HTTP Request: POST https://api.telegram.org/bot7580250572:AAHmXuKZGap_jrmDRcgPIK3DhOq1mQ2eb9c/answerCallbackQuery "HTTP/1.1 200 OK"
2026-09-26 23:18:43,514 - httpx - INFO - HTTP Request: POST https://api.telegram.org/bot7580250572:AAHmXuKZGap_jrmDRcgPIK3DhOq1mQ2eb9c/answerCallbackQuery "HTTP/1.1 200 OK"
2026-09-26 23:18:43,675 - httpx - INFO - HTTP Request: POST https://api.telegram.org/bot7580250572:AAHmXuKZGap_jrmDRcgPIK3DhOq1mQ2eb9c/editMessageMedia "HTTP/1.1 200 OK"
2026-09-26 23:18:43,676 - webhook_app - INFO - ✅ Update 816746656 traitée avec succès.
2026-09-26 23:18:44,364 - webhook_app - INFO - 📩 Update reçue : ID=816746657, type=autre
2026-09-26 23:18:44,502 - httpx - INFO - HTTP Request: POST https://api.telegram.org/bot7580250572:AAHmXuKZGap_jrmDRcgPIK3DhOq1mQ2eb9c/answerCallbackQuery "HTTP/1.1 200 OK"
2026-09-26 23:18:44,642 - httpx - INFO - HTTP Request: POST https://api.telegram.org/bot7580250572:AAHmXuKZGap_jrmDRcgPIK3DhOq1mQ2eb9c/answerCallbackQuery "HTTP/1.1 200 OK"
2026-09-26 23:18:44,812 - httpx - INFO - HTTP Request: POST https://api.telegram.org/bot7580250572:AAHmXuKZGap_jrmDRcgPIK3DhOq1mQ2eb9c/editMessageMedia "HTTP/1.1 200 OK"
2026-09-26 23:18:44,815 - webhook_app - INFO - ✅ Update 816746657 traitée avec succès.
2026-09-26 23:18:45,908 - webhook_app - INFO - 📩 Update reçue : ID=816746658, type=autre
2026-09-26 23:18:46,041 - httpx - INFO - HTTP Request: POST https://api.telegram.org/bot7580250572:AAHmXuKZGap_jrmDRcgPIK3DhOq1mQ2eb9c/answerCallbackQuery "HTTP/1.1 200 OK"
2026-09-26 23:18:46,190 - httpx - INFO - HTTP Request: POST https://api.telegram.org/bot7580250572:AAHmXuKZGap_jrmDRcgPIK3DhOq1mQ2eb9c/answerCallbackQuery "HTTP/1.1 200 OK"
2026-09-26 23:18:46,346 - httpx - INFO - HTTP Request: POST https://api.telegram.org/bot7580250572:AAHmXuKZGap_jrmDRcgPIK3DhOq1mQ2eb9c/editMessageMedia "HTTP/1.1 200 OK"
2026-09-26 23:18:46,348 - webhook_app - INFO - ✅ Update 816746658 traitée avec succès.
2026-09-26 23:18:47,337 - webhook_app - INFO - 📩 Update reçue : ID=816746659, type=autre
2026-09-26 23:18:47,473 - httpx - INFO - HTTP Request: POST https://api.telegram.org/bot7580250572:AAHmXuKZGap_jrmDRcgPIK3DhOq1mQ2eb9c/answerCallbackQuery "HTTP/1.1 200 OK"
2026-09-26 23:18:47,605 - httpx - INFO - HTTP Request: POST https://api.telegram.org/bot7580250572:AAHmXuKZGap_jrmDRcgPIK3DhOq1mQ2eb9c/answerCallbackQuery "HTTP/1.1 200 OK"
2026-09-26 23:18:47,765 - httpx - INFO - HTTP Request: POST https://api.telegram.org/bot7580250572:AAHmXuKZGap_jrmDRcgPIK3DhOq1mQ2eb9c/editMessageMedia "HTTP/1.1 200 OK"
2026-09-26 23:18:47,766 - webhook_app - INFO - ✅ Update 816746659 traitée avec succès.
2026-09-26 23:18:48,674 - webhook_app - INFO - 📩 Update reçue : ID=816746660, type=autre
2026-09-26 23:18:48,809 - httpx - INFO - HTTP Request: POST https://api.telegram.org/bot7580250572:AAHmXuKZGap_jrmDRcgPIK3DhOq1mQ2eb9c/answerCallbackQuery "HTTP/1.1 200 OK"
2026-09-26 23:18:48,945 - httpx - INFO - HTTP Request: POST https://api.telegram.org/bot7580250572:AAHmXuKZGap_jrmDRcgPIK3DhOq1mQ2eb9c/answerCallbackQuery "HTTP/1.1 200 OK"
2026-09-26 23:18:49,101 - httpx - INFO - HTTP Request: POST https://api.telegram.org/bot7580250572:AAHmXuKZGap_jrmDRcgPIK3DhOq1mQ2eb9c/editMessageMedia "HTTP/1.1 200 OK"
2026-09-26 23:18:49,102 - webhook_app - INFO - ✅ Update 816746660 traitée avec succès.
2026-09-26 23:18:49,968 - webhook_app - INFO - 📩 Update reçue : ID=816746661, type=autre
2026-09-26 23:18:50,102 - httpx - INFO - HTTP Request: POST https://api.telegram.org/bot7580250572:AAHmXuKZGap_jrmDRcgPIK3DhOq1mQ2eb9c/answerCallbackQuery "HTTP/1.1 200 OK"
2026-09-26 23:18:50,241 - httpx - INFO - HTTP Request: POST https://api.telegram.org/bot7580250572:AAHmXuKZGap_jrmDRcgPIK3DhOq1mQ2eb9c/answerCallbackQuery "HTTP/1.1 200 OK"
2026-09-26 23:18:50,398 - httpx - INFO - HTTP Request: POST https://api.telegram.org/bot7580250572:AAHmXuKZGap_jrmDRcgPIK3DhOq1mQ2eb9c/editMessageMedia "HTTP/1.1 200 OK"
2026-09-26 23:18:50,401 - webhook_app - INFO - ✅ Update 816746661 traitée avec succès.
2026-09-26 23:18:51,921 - webhook_app - INFO - 📩 Update reçue : ID=816746662, type=autre
2026-09-26 23:18:52,068 - httpx - INFO - HTTP Request: POST https://api.telegram.org/bot7580250572:AAHmXuKZGap_jrmDRcgPIK3DhOq1mQ2eb9c/answerCallbackQuery "HTTP/1.1 200 OK"
2026-09-26 23:18:52,201 - httpx - INFO - HTTP Request: POST https://api.telegram.org/bot7580250572:AAHmXuKZGap_jrmDRcgPIK3DhOq1mQ2eb9c/answerCallbackQuery "HTTP/1.1 200 OK"
2026-09-26 23:18:52,356 - httpx - INFO - HTTP Request: POST https://api.telegram.org/bot7580250572:AAHmXuKZGap_jrmDRcgPIK3DhOq1mQ2eb9c/editMessageMedia "HTTP/1.1 200 OK"
2026-09-26 23:18:52,357 - webhook_app - INFO - ✅ Update 816746662 traitée avec succès.
2026-09-26 23:18:53,312 - webhook_app - INFO - 📩 Update reçue : ID=816746663, type=autre
2026-09-26 23:18:53,443 - httpx - INFO - HTTP Request: POST https://api.telegram.org/bot7580250572:AAHmXuKZGap_jrmDRcgPIK3DhOq1mQ2eb9c/answerCallbackQuery "HTTP/1.1 200 OK"
2026-09-26 23:18:53,581 - httpx - INFO - HTTP Request: POST https://api.telegram.org/bot7580250572:AAHmXuKZGap_jrmDRcgPIK3DhOq1mQ2eb9c/answerCallbackQuery "HTTP/1.1 200 OK"
2026-09-26 23:18:53,748 - httpx - INFO - HTTP Request: POST https://api.telegram.org/bot7580250572:AAHmXuKZGap_jrmDRcgPIK3DhOq1mQ2eb9c/editMessageMedia "HTTP/1.1 200 OK"
2026-09-26 23:18:53,749 - webhook_app - INFO - ✅ Update 816746663 traitée avec succès.
2026-09-26 23:18:55,100 - webhook_app - INFO - 📩 Update reçue : ID=816746664, type=autre
2026-09-26 23:18:55,241 - httpx - INFO - HTTP Request: POST https://api.telegram.org/bot7580250572:AAHmXuKZGap_jrmDRcgPIK3DhOq1mQ2eb9c/answerCallbackQuery "HTTP/1.1 200 OK"
2026-09-26 23:18:55,377 - httpx - INFO - HTTP Request: POST https://api.telegram.org/bot7580250572:AAHmXuKZGap_jrmDRcgPIK3DhOq1mQ2eb9c/deleteMessage "HTTP/1.1 200 OK"
2026-09-26 23:18:55,548 - httpx - INFO - HTTP Request: POST https://api.telegram.org/bot7580250572:AAHmXuKZGap_jrmDRcgPIK3DhOq1mQ2eb9c/sendMessage "HTTP/1.1 200 OK"
2026-09-26 23:18:55,550 - webhook_app - INFO - ✅ Update 816746664 traitée avec succès.
2026-09-26 23:18:56,267 - apscheduler.executors.default - INFO - Running job "check_and_auto_archive_demandes (trigger: interval[1:00:00], next run at: 2026-09-26 22:18:56 UTC)" (scheduled at 2026-09-26 21:18:56.265532+00:00)
2026-09-26 23:18:56,276 - apscheduler.executors.default - INFO - Job "check_and_auto_archive_demandes (trigger: interval[1:00:00], next run at: 2026-09-26 22:18:56 UTC)" executed successfully
2026-09-26 23:19:00,377 - webhook_app - INFO - 📩 Update reçue : ID=816746665, type=autre
2026-09-26 23:19:00,512 - httpx - INFO - HTTP Request: POST https://api.telegram.org/bot7580250572:AAHmXuKZGap_jrmDRcgPIK3DhOq1mQ2eb9c/answerCallbackQuery "HTTP/1.1 200 OK"
2026-09-26 23:19:00,668 - httpx - INFO - HTTP Request: POST https://api.telegram.org/bot7580250572:AAHmXuKZGap_jrmDRcgPIK3DhOq1mQ2eb9c/editMessageText "HTTP/1.1 200 OK"
2026-09-26 23:19:00,669 - webhook_app - INFO - ✅ Update 816746665 traitée avec succès.
2026-09-26 23:19:01,526 - webhook_app - INFO - 📩 Update reçue : ID=816746666, type=autre
2026-09-26 23:19:01,665 - httpx - INFO - HTTP Request: POST https://api.telegram.org/bot7580250572:AAHmXuKZGap_jrmDRcgPIK3DhOq1mQ2eb9c/answerCallbackQuery "HTTP/1.1 200 OK"
2026-09-26 23:19:01,810 - httpx - INFO - HTTP Request: POST https://api.telegram.org/bot7580250572:AAHmXuKZGap_jrmDRcgPIK3DhOq1mQ2eb9c/deleteMessage "HTTP/1.1 200 OK"
2026-09-26 23:19:01,964 - httpx - INFO - HTTP Request: POST https://api.telegram.org/bot7580250572:AAHmXuKZGap_jrmDRcgPIK3DhOq1mQ2eb9c/sendPhoto "HTTP/1.1 200 OK"
2026-09-26 23:19:01,968 - webhook_app - INFO - ✅ Update 816746666 traitée avec succès.
2026-09-26 23:19:05,468 - webhook_app - INFO - 📩 Update reçue : ID=816746667, type=autre
2026-09-26 23:19:05,600 - httpx - INFO - HTTP Request: POST https://api.telegram.org/bot7580250572:AAHmXuKZGap_jrmDRcgPIK3DhOq1mQ2eb9c/answerCallbackQuery "HTTP/1.1 200 OK"
2026-09-26 23:19:05,733 - httpx - INFO - HTTP Request: POST https://api.telegram.org/bot7580250572:AAHmXuKZGap_jrmDRcgPIK3DhOq1mQ2eb9c/deleteMessage "HTTP/1.1 200 OK"
2026-09-26 23:19:05,880 - httpx - INFO - HTTP Request: POST https://api.telegram.org/bot7580250572:AAHmXuKZGap_jrmDRcgPIK3DhOq1mQ2eb9c/sendMessage "HTTP/1.1 200 OK"
2026-09-26 23:19:05,881 - webhook_app - INFO - ✅ Update 816746667 traitée avec succès.
2026-09-26 23:19:09,172 - webhook_app - INFO - 📩 Update reçue : ID=816746668, type=autre
2026-09-26 23:19:09,305 - httpx - INFO - HTTP Request: POST https://api.telegram.org/bot7580250572:AAHmXuKZGap_jrmDRcgPIK3DhOq1mQ2eb9c/answerCallbackQuery "HTTP/1.1 200 OK"
2026-09-26 23:19:09,500 - httpx - INFO - HTTP Request: POST https://api.telegram.org/bot7580250572:AAHmXuKZGap_jrmDRcgPIK3DhOq1mQ2eb9c/editMessageText "HTTP/1.1 200 OK"
2026-09-26 23:19:09,501 - webhook_app - INFO - ✅ Update 816746668 traitée avec succès.
2026-09-26 23:19:11,149 - webhook_app - INFO - 📩 Update reçue : ID=816746669, type=autre
2026-09-26 23:19:11,266 - apscheduler.executors.default - INFO - Running job "check_and_send_delivery_reminders (trigger: interval[6:00:00], next run at: 2026-09-27 03:19:11 UTC)" (scheduled at 2026-09-26 21:19:11.265905+00:00)
2026-09-26 23:19:11,304 - apscheduler.executors.default - INFO - Job "check_and_send_delivery_reminders (trigger: interval[6:00:00], next run at: 2026-09-27 03:19:11 UTC)" executed successfully
2026-09-26 23:19:11,305 - httpx - INFO - HTTP Request: POST https://api.telegram.org/bot7580250572:AAHmXuKZGap_jrmDRcgPIK3DhOq1mQ2eb9c/answerCallbackQuery "HTTP/1.1 200 OK"
2026-09-26 23:19:11,453 - httpx - INFO - HTTP Request: POST https://api.telegram.org/bot7580250572:AAHmXuKZGap_jrmDRcgPIK3DhOq1mQ2eb9c/deleteMessage "HTTP/1.1 200 OK"
2026-09-26 23:19:11,609 - httpx - INFO - HTTP Request: POST https://api.telegram.org/bot7580250572:AAHmXuKZGap_jrmDRcgPIK3DhOq1mQ2eb9c/sendPhoto "HTTP/1.1 200 OK"
2026-09-26 23:19:11,611 - webhook_app - INFO - ✅ Update 816746669 traitée avec succès.
2026-09-26 23:19:26,283 - apscheduler.executors.default - INFO - Running job "check_and_send_paid_delivery_reminders (trigger: interval[1 day, 0:00:00], next run at: 2026-09-27 21:19:26 UTC)" (scheduled at 2026-09-26 21:19:26.266277+00:00)
2026-09-26 23:19:26,289 - apscheduler.executors.default - INFO - Job "check_and_send_paid_delivery_reminders (trigger: interval[1 day, 0:00:00], next run at: 2026-09-27 21:19:26 UTC)" executed successfully
2026-09-26 23:19:41,282 - apscheduler.executors.default - INFO - Running job "check_and_send_unpaid_demande_reminders (trigger: interval[6:00:00], next run at: 2026-09-27 03:19:41 UTC)" (scheduled at 2026-09-26 21:19:41.266607+00:00)
2026-09-26 23:19:41,290 - apscheduler.executors.default - INFO - Job "check_and_send_unpaid_demande_reminders (trigger: interval[6:00:00], next run at: 2026-09-27 03:19:41 UTC)" executed successfully
2026-09-26 23:19:56,281 - apscheduler.executors.default - INFO - Running job "check_and_auto_abandon_expired_remun_demandes (trigger: interval[6:00:00], next run at: 2026-09-27 03:19:56 UTC)" (scheduled at 2026-09-26 21:19:56.266884+00:00)
2026-09-26 23:19:56,385 - apscheduler.executors.default - INFO - Job "check_and_auto_abandon_expired_remun_demandes (trigger: interval[6:00:00], next run at: 2026-09-27 03:19:56 UTC)" executed successfully
2026-09-26 23:22:48,224 - webhook_app - INFO - 📩 Update reçue : ID=816746670, type=/start
2026-09-26 23:22:48,226 - handlers.user_handlers - INFO - 🚀 Exécution de /start pour user_id=1340055152 (Tom)
2026-09-26 23:22:48,415 - httpx - INFO - HTTP Request: POST https://api.telegram.org/bot7580250572:AAHmXuKZGap_jrmDRcgPIK3DhOq1mQ2eb9c/sendMessage "HTTP/1.1 200 OK"
2026-09-26 23:22:48,416 - handlers.user_handlers - INFO - ✅ Message de bienvenue envoyé avec succès à 1340055152
2026-09-26 23:22:48,416 - webhook_app - INFO - ✅ Update 816746670 traitée avec succès.
2026-09-26 23:22:49,969 - webhook_app - INFO - 📩 Update reçue : ID=816746671, type=autre
2026-09-26 23:22:50,120 - httpx - INFO - HTTP Request: POST https://api.telegram.org/bot7580250572:AAHmXuKZGap_jrmDRcgPIK3DhOq1mQ2eb9c/answerCallbackQuery "HTTP/1.1 200 OK"
2026-09-26 23:22:50,274 - httpx - INFO - HTTP Request: POST https://api.telegram.org/bot7580250572:AAHmXuKZGap_jrmDRcgPIK3DhOq1mQ2eb9c/editMessageText "HTTP/1.1 200 OK"
2026-09-26 23:22:50,276 - webhook_app - INFO - ✅ Update 816746671 traitée avec succès.
2026-09-26 23:22:52,502 - webhook_app - INFO - 📩 Update reçue : ID=816746672, type=autre
2026-09-26 23:22:52,645 - httpx - INFO - HTTP Request: POST https://api.telegram.org/bot7580250572:AAHmXuKZGap_jrmDRcgPIK3DhOq1mQ2eb9c/answerCallbackQuery "HTTP/1.1 200 OK"
2026-09-26 23:22:52,805 - httpx - INFO - HTTP Request: POST https://api.telegram.org/bot7580250572:AAHmXuKZGap_jrmDRcgPIK3DhOq1mQ2eb9c/editMessageText "HTTP/1.1 200 OK"
2026-09-26 23:22:52,807 - webhook_app - INFO - ✅ Update 816746672 traitée avec succès.
2026-09-26 23:22:53,678 - webhook_app - INFO - 📩 Update reçue : ID=816746673, type=autre
2026-09-26 23:22:53,816 - httpx - INFO - HTTP Request: POST https://api.telegram.org/bot7580250572:AAHmXuKZGap_jrmDRcgPIK3DhOq1mQ2eb9c/answerCallbackQuery "HTTP/1.1 200 OK"
2026-09-26 23:22:53,961 - httpx - INFO - HTTP Request: POST https://api.telegram.org/bot7580250572:AAHmXuKZGap_jrmDRcgPIK3DhOq1mQ2eb9c/editMessageText "HTTP/1.1 200 OK"
2026-09-26 23:22:54,420 - utils.maintenance - INFO - 🔧 === Démarrage de la maintenance quotidienne (async) ===
2026-09-26 23:22:56,044 - utils.maintenance - INFO - 🧹 Nettoyage des fichiers temporaires terminé (async)
2026-09-26 23:22:56,048 - utils.maintenance - INFO - 📦 Aucune demande prête pour l'archivage automatique
2026-09-26 23:22:57,369 - utils.maintenance - INFO - 🔧 Optimisation MySQL et purge du cache applicatif terminées
2026-09-26 23:22:57,811 - utils.maintenance - INFO - 📊 === Rapport de maintenance ===
2026-09-26 23:22:57,811 - utils.maintenance - INFO - 💾 Stockage : 47.9 Mo (9.3%)
2026-09-26 23:22:57,811 - utils.maintenance - INFO - 📝 Demandes : 4 | Archives : 0 | Utilisateurs : 4 | Staff : 1 | Admins : 3
2026-09-26 23:22:57,811 - utils.maintenance - INFO - ✅ === Maintenance terminée avec succès ===
2026-09-26 23:22:58,093 - httpx - INFO - HTTP Request: POST https://api.telegram.org/bot7580250572:AAHmXuKZGap_jrmDRcgPIK3DhOq1mQ2eb9c/editMessageText "HTTP/1.1 200 OK"
2026-09-26 23:22:58,094 - webhook_app - INFO - ✅ Update 816746673 traitée avec succès.
2026-09-26 23:23:00,844 - webhook_app - INFO - 📩 Update reçue : ID=816746674, type=autre
2026-09-26 23:23:00,979 - httpx - INFO - HTTP Request: POST https://api.telegram.org/bot7580250572:AAHmXuKZGap_jrmDRcgPIK3DhOq1mQ2eb9c/answerCallbackQuery "HTTP/1.1 200 OK"
2026-09-26 23:23:01,136 - httpx - INFO - HTTP Request: POST https://api.telegram.org/bot7580250572:AAHmXuKZGap_jrmDRcgPIK3DhOq1mQ2eb9c/editMessageText "HTTP/1.1 200 OK"
2026-09-26 23:23:01,144 - webhook_app - INFO - ✅ Update 816746674 traitée avec succès.
2026-09-26 23:31:43,934 - webhook_app - INFO - 📩 Update reçue : ID=816746675, type=autre
2026-09-26 23:31:43,935 - webhook_app - INFO - ✅ Update 816746675 traitée avec succès.
2026-09-27 00:01:09,364 - webhook_app - INFO - 🚀 Démarrage des tâches périodiques en arrière-plan...
2026-09-27 00:01:09,525 - webhook_app - INFO - 🏁 Fin de l'exécution des tâches périodiques.
2026-09-27 00:18:41,364 - apscheduler.executors.default - INFO - Running job "check_and_send_admin_reminders (trigger: interval[1:00:00], next run at: 2026-09-26 23:18:41 UTC)" (scheduled at 2026-09-26 22:18:41.263550+00:00)
2026-09-27 00:18:41,426 - apscheduler.executors.default - INFO - Job "check_and_send_admin_reminders (trigger: interval[1:00:00], next run at: 2026-09-26 23:18:41 UTC)" executed successfully
2026-09-27 00:18:56,281 - apscheduler.executors.default - INFO - Running job "check_and_auto_archive_demandes (trigger: interval[1:00:00], next run at: 2026-09-26 23:18:56 UTC)" (scheduled at 2026-09-26 22:18:56.265532+00:00)
2026-09-27 00:18:56,290 - apscheduler.executors.default - INFO - Job "check_and_auto_archive_demandes (trigger: interval[1:00:00], next run at: 2026-09-26 23:18:56 UTC)" executed successfully
2026-09-27 01:00:57,146 - webhook_app - INFO - 🚀 Démarrage des tâches périodiques en arrière-plan...
2026-09-27 01:00:57,246 - webhook_app - INFO - 🏁 Fin de l'exécution des tâches périodiques.
2026-09-27 01:18:41,363 - apscheduler.executors.default - INFO - Running job "check_and_send_admin_reminders (trigger: interval[1:00:00], next run at: 2026-09-27 00:18:41 UTC)" (scheduled at 2026-09-26 23:18:41.263550+00:00)
2026-09-27 01:18:41,562 - apscheduler.executors.default - INFO - Job "check_and_send_admin_reminders (trigger: interval[1:00:00], next run at: 2026-09-27 00:18:41 UTC)" executed successfully
2026-09-27 01:18:56,281 - apscheduler.executors.default - INFO - Running job "check_and_auto_archive_demandes (trigger: interval[1:00:00], next run at: 2026-09-27 00:18:56 UTC)" (scheduled at 2026-09-26 23:18:56.265532+00:00)
2026-09-27 01:18:56,291 - apscheduler.executors.default - INFO - Job "check_and_auto_archive_demandes (trigger: interval[1:00:00], next run at: 2026-09-27 00:18:56 UTC)" executed successfully
2026-09-27 01:54:32,572 - webhook_app - INFO - 📩 Update reçue : ID=816746676, type=autre
2026-09-27 01:54:32,573 - webhook_app - INFO - ✅ Update 816746676 traitée avec succès.
2026-09-27 01:54:51,431 - webhook_app - INFO - 📩 Update reçue : ID=816746677, type=autre
2026-09-27 01:54:51,432 - webhook_app - INFO - ✅ Update 816746677 traitée avec succès.
2026-09-27 01:55:56,515 - webhook_app - INFO - 📩 Update reçue : ID=816746678, type=autre
2026-09-27 01:55:56,516 - webhook_app - INFO - ✅ Update 816746678 traitée avec succès.
2026-09-27 02:01:07,299 - webhook_app - INFO - 🚀 Démarrage des tâches périodiques en arrière-plan...
2026-09-27 02:01:08,159 - webhook_app - INFO - 🏁 Fin de l'exécution des tâches périodiques.
2026-09-27 02:18:41,364 - apscheduler.executors.default - INFO - Running job "check_and_send_admin_reminders (trigger: interval[1:00:00], next run at: 2026-09-27 01:18:41 UTC)" (scheduled at 2026-09-27 00:18:41.263550+00:00)
2026-09-27 02:18:41,435 - apscheduler.executors.default - INFO - Job "check_and_send_admin_reminders (trigger: interval[1:00:00], next run at: 2026-09-27 01:18:41 UTC)" executed successfully
2026-09-27 02:18:56,281 - apscheduler.executors.default - INFO - Running job "check_and_auto_archive_demandes (trigger: interval[1:00:00], next run at: 2026-09-27 01:18:56 UTC)" (scheduled at 2026-09-27 00:18:56.265532+00:00)
2026-09-27 02:18:56,293 - apscheduler.executors.default - INFO - Job "check_and_auto_archive_demandes (trigger: interval[1:00:00], next run at: 2026-09-27 01:18:56 UTC)" executed successfully
2026-09-27 02:58:31,234 - webhook_app - INFO - 📩 Update reçue : ID=816746679, type=autre
2026-09-27 02:58:31,235 - webhook_app - INFO - ✅ Update 816746679 traitée avec succès.
2026-09-27 03:00:57,409 - webhook_app - INFO - 🚀 Démarrage des tâches périodiques en arrière-plan...
2026-09-27 03:00:57,769 - webhook_app - INFO - 🏁 Fin de l'exécution des tâches périodiques.
2026-09-27 03:18:41,363 - apscheduler.executors.default - INFO - Running job "check_and_send_admin_reminders (trigger: interval[1:00:00], next run at: 2026-09-27 02:18:41 UTC)" (scheduled at 2026-09-27 01:18:41.263550+00:00)
2026-09-27 03:18:41,434 - apscheduler.executors.default - INFO - Job "check_and_send_admin_reminders (trigger: interval[1:00:00], next run at: 2026-09-27 02:18:41 UTC)" executed successfully
2026-09-27 03:18:56,280 - apscheduler.executors.default - INFO - Running job "check_and_auto_archive_demandes (trigger: interval[1:00:00], next run at: 2026-09-27 02:18:56 UTC)" (scheduled at 2026-09-27 01:18:56.265532+00:00)
2026-09-27 03:18:56,292 - apscheduler.executors.default - INFO - Job "check_and_auto_archive_demandes (trigger: interval[1:00:00], next run at: 2026-09-27 02:18:56 UTC)" executed successfully
2026-09-27 03:35:22,345 - webhook_app - INFO - 📩 Update reçue : ID=816746680, type=autre
2026-09-27 03:35:22,346 - webhook_app - INFO - ✅ Update 816746680 traitée avec succès.
2026-09-27 03:35:28,034 - webhook_app - INFO - 📩 Update reçue : ID=816746681, type=Miam il donne faim
2026-09-27 03:35:28,035 - webhook_app - INFO - ✅ Update 816746681 traitée avec succès.
2026-09-27 04:00:58,007 - webhook_app - INFO - 🚀 Démarrage des tâches périodiques en arrière-plan...
2026-09-27 04:00:58,116 - webhook_app - INFO - 🏁 Fin de l'exécution des tâches périodiques.
2026-09-27 04:18:41,364 - apscheduler.executors.default - INFO - Running job "check_and_send_admin_reminders (trigger: interval[1:00:00], next run at: 2026-09-27 03:18:41 UTC)" (scheduled at 2026-09-27 02:18:41.263550+00:00)
2026-09-27 04:18:41,422 - apscheduler.executors.default - INFO - Job "check_and_send_admin_reminders (trigger: interval[1:00:00], next run at: 2026-09-27 03:18:41 UTC)" executed successfully
2026-09-27 04:18:56,281 - apscheduler.executors.default - INFO - Running job "check_and_auto_archive_demandes (trigger: interval[1:00:00], next run at: 2026-09-27 03:18:56 UTC)" (scheduled at 2026-09-27 02:18:56.265532+00:00)
2026-09-27 04:18:56,291 - apscheduler.executors.default - INFO - Job "check_and_auto_archive_demandes (trigger: interval[1:00:00], next run at: 2026-09-27 03:18:56 UTC)" executed successfully
2026-09-27 04:23:41,907 - webhook_app - INFO - 📩 Update reçue : ID=816746682, type=autre
2026-09-27 04:23:41,909 - webhook_app - INFO - ✅ Update 816746682 traitée avec succès.
2026-09-27 05:00:59,674 - webhook_app - INFO - 🚀 Démarrage des tâches périodiques en arrière-plan...
2026-09-27 05:00:59,789 - webhook_app - INFO - 🏁 Fin de l'exécution des tâches périodiques.
2026-09-27 05:02:35,156 - config - INFO - Toutes les variables d'environnement requises sont présentes
2026-09-27 05:03:21,994 - webhook_app - INFO - ⚡ Initialisation post-fork du Bot et de l'Event Loop (PID: 2)
2026-09-27 05:03:21,999 - config - INFO - Toutes les variables d'environnement requises sont présentes
2026-09-27 05:03:22,411 - database.connection - INFO - Pool MySQL établi sur paraworld.mysql.eu.pythonanywhere-services.com (base : paraworld$telegramDB) [PID: 2]
2026-09-27 05:03:22,412 - database.connection - INFO - ConnectionManager initialisé avec pool de 2 connexions.
2026-09-27 05:03:22,585 - database.schema - INFO - Vérification et création des tables terminées avec succès.
2026-09-27 05:03:22,592 - config - INFO - Cache rôles chargé : 2 owners, 3 admins (managers) et 1 staff (opérateurs)
2026-09-27 05:03:22,594 - handlers.user.compte - INFO - CompteManager initialisé avec support réglages VIP
2026-09-27 05:03:22,594 - handlers.user.navigation - INFO - NavigationManager initialisé avec support Orientation & Staff
2026-09-27 05:03:22,594 - handlers.user.formulaire - INFO - FormulaireManager initialisé avec support VIP Assignée & Auto-Assign
2026-09-27 05:03:22,594 - handlers.user.demande - INFO - DemandeManager initialisé avec charte graphique unifiée et support RBAC
2026-09-27 05:03:22,595 - handlers.user.edition - INFO - EditionManager initialisé avec support du prix plancher prioritaire et requêtes précompilées
2026-09-27 05:03:22,595 - handlers.staff.suivi - INFO - SuiviManager initialisé avec charte graphique unifiée, confirmation de paiement et surveillance
2026-09-27 05:03:22,595 - handlers.staff.notifs - INFO - NotifsManager initialisé avec support Staff/Admin, Surveillance & Paiement Prio
2026-09-27 05:03:22,595 - handlers.staff.statuts - INFO - StatutsManager initialisé avec support Staff/Admin, Surveillance et Dénouement Période d'essai
2026-09-27 05:03:22,596 - handlers.staff.photos - INFO - PhotosManager initialisé avec supervision hiérarchique
2026-09-27 05:03:22,596 - handlers.staff.notifs - INFO - NotifsManager initialisé avec support Staff/Admin, Surveillance & Paiement Prio
2026-09-27 05:03:22,596 - handlers.staff.dispo - INFO - DispoManager initialisé avec disposition conforme et indicateur de rémunération
2026-09-27 05:03:22,596 - handlers.staff.alias - INFO - AliasManager initialisé avec support Staff/Admin
2026-09-27 05:03:22,596 - handlers.staff.notifs - INFO - NotifsManager initialisé avec support Staff/Admin, Surveillance & Paiement Prio
2026-09-27 05:03:22,597 - handlers.staff.contact - INFO - ContactManager initialisé avec support Multi-Owner
2026-09-27 05:03:22,597 - handlers.staff.profils - INFO - ProfilsManager initialisé avec supervision hiérarchique et contrôle des bannissements
2026-09-27 05:03:22,597 - handlers.staff.archives - INFO - ArchivesManager initialisé avec support double vue (personnelle & générale)
2026-09-27 05:03:22,597 - handlers.staff.alias - INFO - AliasManager initialisé avec support Staff/Admin
2026-09-27 05:03:22,597 - handlers.staff.archives - INFO - ArchivesManager initialisé avec support double vue (personnelle & générale)
2026-09-27 05:03:22,598 - handlers.admin.config - INFO - ConfigManager initialisé avec support Délais, Quotas, Rappels & Rémunération
2026-09-27 05:03:22,598 - handlers.admin.stats - INFO - StatsManager initialisé avec support RBAC
2026-09-27 05:03:22,598 - handlers.admin.bot - INFO - BotManager initialisé avec support Multi-Owner
2026-09-27 05:03:22,598 - handlers.admin.staff - INFO - StaffManager initialisé avec pré-configuration avant validation
2026-09-27 05:03:22,598 - handlers.admin_handlers - INFO - AdminHandlers initialisé avec architecture allégée (Purge, Membres, VIPs isolés).
2026-09-27 05:03:22,851 - root - ERROR - /home/paraworld/teleform/handlers/user/formulaire.py:72: PTBUserWarning: If 'per_message=False', 'CallbackQueryHandler' will not be tracked for every message. Read this FAQ entry to learn more about the per_* settings: https://github.com/python-telegram-bot/python-telegram-bot/wiki/Frequently-Asked-Questions#what-do-the-per_-settings-in-conversationhandler-do.
2026-09-27 05:03:22,851 - root - ERROR -   return ConversationHandler(
2026-09-27 05:03:22,855 - root - ERROR - /home/paraworld/teleform/main.py:216: PTBUserWarning: If 'per_message=False', 'CallbackQueryHandler' will not be tracked for every message. Read this FAQ entry to learn more about the per_* settings: https://github.com/python-telegram-bot/python-telegram-bot/wiki/Frequently-Asked-Questions#what-do-the-per_-settings-in-conversationhandler-do.
2026-09-27 05:03:22,855 - root - ERROR -   modify_alias_conv = ConversationHandler(
2026-09-27 05:03:22,856 - root - ERROR - /home/paraworld/teleform/main.py:232: PTBUserWarning: If 'per_message=False', 'CallbackQueryHandler' will not be tracked for every message. Read this FAQ entry to learn more about the per_* settings: https://github.com/python-telegram-bot/python-telegram-bot/wiki/Frequently-Asked-Questions#what-do-the-per_-settings-in-conversationhandler-do.
2026-09-27 05:03:22,856 - root - ERROR -   contact_owner_conv = ConversationHandler(
2026-09-27 05:03:22,857 - root - ERROR - /home/paraworld/teleform/main.py:251: PTBUserWarning: If 'per_message=False', 'CallbackQueryHandler' will not be tracked for every message. Read this FAQ entry to learn more about the per_* settings: https://github.com/python-telegram-bot/python-telegram-bot/wiki/Frequently-Asked-Questions#what-do-the-per_-settings-in-conversationhandler-do.
2026-09-27 05:03:22,857 - root - ERROR -   owner_reply_conv = ConversationHandler(
2026-09-27 05:03:22,858 - root - ERROR - /home/paraworld/teleform/main.py:267: PTBUserWarning: If 'per_message=False', 'CallbackQueryHandler' will not be tracked for every message. Read this FAQ entry to learn more about the per_* settings: https://github.com/python-telegram-bot/python-telegram-bot/wiki/Frequently-Asked-Questions#what-do-the-per_-settings-in-conversationhandler-do.
2026-09-27 05:03:22,858 - root - ERROR -   add_staff_conv = ConversationHandler(
2026-09-27 05:03:22,858 - root - ERROR - /home/paraworld/teleform/main.py:286: PTBUserWarning: If 'per_message=False', 'CallbackQueryHandler' will not be tracked for every message. Read this FAQ entry to learn more about the per_* settings: https://github.com/python-telegram-bot/python-telegram-bot/wiki/Frequently-Asked-Questions#what-do-the-per_-settings-in-conversationhandler-do.
2026-09-27 05:03:22,859 - root - ERROR -   remove_staff_conv = ConversationHandler(
2026-09-27 05:03:22,859 - root - ERROR - /home/paraworld/teleform/main.py:305: PTBUserWarning: If 'per_message=False', 'CallbackQueryHandler' will not be tracked for every message. Read this FAQ entry to learn more about the per_* settings: https://github.com/python-telegram-bot/python-telegram-bot/wiki/Frequently-Asked-Questions#what-do-the-per_-settings-in-conversationhandler-do.
2026-09-27 05:03:22,860 - root - ERROR -   add_admin_conv = ConversationHandler(
2026-09-27 05:03:22,860 - root - ERROR - /home/paraworld/teleform/main.py:321: PTBUserWarning: If 'per_message=False', 'CallbackQueryHandler' will not be tracked for every message. Read this FAQ entry to learn more about the per_* settings: https://github.com/python-telegram-bot/python-telegram-bot/wiki/Frequently-Asked-Questions#what-do-the-per_-settings-in-conversationhandler-do.
2026-09-27 05:03:22,860 - root - ERROR -   remove_admin_conv = ConversationHandler(
2026-09-27 05:03:22,861 - root - ERROR - /home/paraworld/teleform/main.py:340: PTBUserWarning: If 'per_message=False', 'CallbackQueryHandler' will not be tracked for every message. Read this FAQ entry to learn more about the per_* settings: https://github.com/python-telegram-bot/python-telegram-bot/wiki/Frequently-Asked-Questions#what-do-the-per_-settings-in-conversationhandler-do.
2026-09-27 05:03:22,861 - root - ERROR -   add_vip_conv = ConversationHandler(
2026-09-27 05:03:22,862 - root - ERROR - /home/paraworld/teleform/main.py:360: PTBUserWarning: If 'per_message=False', 'CallbackQueryHandler' will not be tracked for every message. Read this FAQ entry to learn more about the per_* settings: https://github.com/python-telegram-bot/python-telegram-bot/wiki/Frequently-Asked-Questions#what-do-the-per_-settings-in-conversationhandler-do.
2026-09-27 05:03:22,862 - root - ERROR -   remove_vip_conv = ConversationHandler(
2026-09-27 05:03:22,891 - apscheduler.scheduler - INFO - Adding job tentatively -- it will be properly scheduled when the scheduler starts
2026-09-27 05:03:22,892 - apscheduler.scheduler - INFO - Adding job tentatively -- it will be properly scheduled when the scheduler starts
2026-09-27 05:03:22,892 - apscheduler.scheduler - INFO - Adding job tentatively -- it will be properly scheduled when the scheduler starts
2026-09-27 05:03:22,893 - apscheduler.scheduler - INFO - Adding job tentatively -- it will be properly scheduled when the scheduler starts
2026-09-27 05:03:22,893 - apscheduler.scheduler - INFO - Adding job tentatively -- it will be properly scheduled when the scheduler starts
2026-09-27 05:03:22,893 - apscheduler.scheduler - INFO - Adding job tentatively -- it will be properly scheduled when the scheduler starts
2026-09-27 05:03:22,894 - main - INFO - ⏰ Tâches JobQueue configurées et actives.
2026-09-27 05:03:22,943 - httpx - INFO - HTTP Request: POST https://api.telegram.org/bot7580250572:AAHmXuKZGap_jrmDRcgPIK3DhOq1mQ2eb9c/getMe "HTTP/1.1 200 OK"
2026-09-27 05:03:22,946 - apscheduler.scheduler - INFO - Added job "check_and_send_admin_reminders" to job store "default"
2026-09-27 05:03:22,947 - apscheduler.scheduler - INFO - Added job "check_and_auto_archive_demandes" to job store "default"
2026-09-27 05:03:22,947 - apscheduler.scheduler - INFO - Added job "check_and_send_delivery_reminders" to job store "default"
2026-09-27 05:03:22,948 - apscheduler.scheduler - INFO - Added job "check_and_send_paid_delivery_reminders" to job store "default"
2026-09-27 05:03:22,949 - apscheduler.scheduler - INFO - Added job "check_and_send_unpaid_demande_reminders" to job store "default"
2026-09-27 05:03:22,949 - apscheduler.scheduler - INFO - Added job "check_and_auto_abandon_expired_remun_demandes" to job store "default"
2026-09-27 05:03:22,949 - apscheduler.scheduler - INFO - Scheduler started
2026-09-27 05:03:22,950 - telegram.ext.Application - INFO - Application started
2026-09-27 05:03:22,950 - webhook_app - INFO - ✅ Bot Telegram opérationnel dans le worker PID 2
2026-09-27 05:03:22,953 - webhook_app - INFO - 📩 Update reçue : ID=816746683, type=/start
2026-09-27 05:03:22,969 - handlers.user_handlers - INFO - 🚀 Exécution de /start pour user_id=1340055152 (Tom)
2026-09-27 05:03:23,151 - httpx - INFO - HTTP Request: POST https://api.telegram.org/bot7580250572:AAHmXuKZGap_jrmDRcgPIK3DhOq1mQ2eb9c/sendMessage "HTTP/1.1 200 OK"
2026-09-27 05:03:23,152 - handlers.user_handlers - INFO - ✅ Message de bienvenue envoyé avec succès à 1340055152
2026-09-27 05:03:23,153 - webhook_app - INFO - ✅ Update 816746683 traitée avec succès.
2026-09-27 05:03:24,314 - webhook_app - INFO - 📩 Update reçue : ID=816746684, type=autre
2026-09-27 05:03:24,453 - httpx - INFO - HTTP Request: POST https://api.telegram.org/bot7580250572:AAHmXuKZGap_jrmDRcgPIK3DhOq1mQ2eb9c/answerCallbackQuery "HTTP/1.1 200 OK"
2026-09-27 05:03:24,586 - httpx - INFO - HTTP Request: POST https://api.telegram.org/bot7580250572:AAHmXuKZGap_jrmDRcgPIK3DhOq1mQ2eb9c/answerCallbackQuery "HTTP/1.1 200 OK"
2026-09-27 05:03:24,738 - httpx - INFO - HTTP Request: POST https://api.telegram.org/bot7580250572:AAHmXuKZGap_jrmDRcgPIK3DhOq1mQ2eb9c/deleteMessage "HTTP/1.1 200 OK"
2026-09-27 05:03:24,900 - httpx - INFO - HTTP Request: POST https://api.telegram.org/bot7580250572:AAHmXuKZGap_jrmDRcgPIK3DhOq1mQ2eb9c/sendPhoto "HTTP/1.1 200 OK"
2026-09-27 05:03:24,902 - webhook_app - INFO - ✅ Update 816746684 traitée avec succès.
2026-09-27 05:03:26,442 - webhook_app - INFO - 📩 Update reçue : ID=816746685, type=autre
2026-09-27 05:03:26,590 - httpx - INFO - HTTP Request: POST https://api.telegram.org/bot7580250572:AAHmXuKZGap_jrmDRcgPIK3DhOq1mQ2eb9c/answerCallbackQuery "HTTP/1.1 200 OK"
2026-09-27 05:03:26,723 - httpx - INFO - HTTP Request: POST https://api.telegram.org/bot7580250572:AAHmXuKZGap_jrmDRcgPIK3DhOq1mQ2eb9c/answerCallbackQuery "HTTP/1.1 200 OK"
2026-09-27 05:03:26,893 - httpx - INFO - HTTP Request: POST https://api.telegram.org/bot7580250572:AAHmXuKZGap_jrmDRcgPIK3DhOq1mQ2eb9c/editMessageMedia "HTTP/1.1 200 OK"
2026-09-27 05:03:26,895 - webhook_app - INFO - ✅ Update 816746685 traitée avec succès.
2026-09-27 05:03:27,896 - webhook_app - INFO - 📩 Update reçue : ID=816746686, type=autre
2026-09-27 05:03:28,032 - httpx - INFO - HTTP Request: POST https://api.telegram.org/bot7580250572:AAHmXuKZGap_jrmDRcgPIK3DhOq1mQ2eb9c/answerCallbackQuery "HTTP/1.1 200 OK"
2026-09-27 05:03:28,169 - httpx - INFO - HTTP Request: POST https://api.telegram.org/bot7580250572:AAHmXuKZGap_jrmDRcgPIK3DhOq1mQ2eb9c/deleteMessage "HTTP/1.1 200 OK"
2026-09-27 05:03:28,318 - httpx - INFO - HTTP Request: POST https://api.telegram.org/bot7580250572:AAHmXuKZGap_jrmDRcgPIK3DhOq1mQ2eb9c/sendMessage "HTTP/1.1 200 OK"
2026-09-27 05:03:28,319 - webhook_app - INFO - ✅ Update 816746686 traitée avec succès.
2026-09-27 05:03:31,519 - webhook_app - INFO - 📩 Update reçue : ID=816746687, type=autre
2026-09-27 05:03:31,654 - httpx - INFO - HTTP Request: POST https://api.telegram.org/bot7580250572:AAHmXuKZGap_jrmDRcgPIK3DhOq1mQ2eb9c/answerCallbackQuery "HTTP/1.1 200 OK"
2026-09-27 05:03:31,853 - httpx - INFO - HTTP Request: POST https://api.telegram.org/bot7580250572:AAHmXuKZGap_jrmDRcgPIK3DhOq1mQ2eb9c/editMessageText "HTTP/1.1 200 OK"
2026-09-27 05:03:31,856 - webhook_app - INFO - ✅ Update 816746687 traitée avec succès.
2026-09-27 05:03:32,767 - webhook_app - INFO - 📩 Update reçue : ID=816746688, type=autre
2026-09-27 05:03:32,919 - httpx - INFO - HTTP Request: POST https://api.telegram.org/bot7580250572:AAHmXuKZGap_jrmDRcgPIK3DhOq1mQ2eb9c/answerCallbackQuery "HTTP/1.1 200 OK"
2026-09-27 05:03:33,075 - httpx - INFO - HTTP Request: POST https://api.telegram.org/bot7580250572:AAHmXuKZGap_jrmDRcgPIK3DhOq1mQ2eb9c/deleteMessage "HTTP/1.1 200 OK"
2026-09-27 05:03:33,235 - httpx - INFO - HTTP Request: POST https://api.telegram.org/bot7580250572:AAHmXuKZGap_jrmDRcgPIK3DhOq1mQ2eb9c/sendPhoto "HTTP/1.1 200 OK"
2026-09-27 05:03:33,237 - webhook_app - INFO - ✅ Update 816746688 traitée avec succès.
2026-09-27 05:03:37,874 - apscheduler.executors.default - INFO - Running job "check_and_send_admin_reminders (trigger: interval[1:00:00], next run at: 2026-09-27 04:03:37 UTC)" (scheduled at 2026-09-27 03:03:37.868512+00:00)
2026-09-27 05:03:37,907 - apscheduler.executors.default - INFO - Job "check_and_send_admin_reminders (trigger: interval[1:00:00], next run at: 2026-09-27 04:03:37 UTC)" executed successfully
2026-09-27 05:03:52,907 - apscheduler.executors.default - INFO - Running job "check_and_auto_archive_demandes (trigger: interval[1:00:00], next run at: 2026-09-27 04:03:52 UTC)" (scheduled at 2026-09-27 03:03:52.891565+00:00)
2026-09-27 05:03:52,919 - apscheduler.executors.default - INFO - Job "check_and_auto_archive_demandes (trigger: interval[1:00:00], next run at: 2026-09-27 04:03:52 UTC)" executed successfully
2026-09-27 05:04:07,909 - apscheduler.executors.default - INFO - Running job "check_and_send_delivery_reminders (trigger: interval[6:00:00], next run at: 2026-09-27 09:04:07 UTC)" (scheduled at 2026-09-27 03:04:07.892412+00:00)
2026-09-27 05:04:07,919 - apscheduler.executors.default - INFO - Job "check_and_send_delivery_reminders (trigger: interval[6:00:00], next run at: 2026-09-27 09:04:07 UTC)" executed successfully
2026-09-27 05:04:22,908 - apscheduler.executors.default - INFO - Running job "check_and_send_paid_delivery_reminders (trigger: interval[1 day, 0:00:00], next run at: 2026-09-28 03:04:22 UTC)" (scheduled at 2026-09-27 03:04:22.892829+00:00)
2026-09-27 05:04:22,914 - apscheduler.executors.default - INFO - Job "check_and_send_paid_delivery_reminders (trigger: interval[1 day, 0:00:00], next run at: 2026-09-28 03:04:22 UTC)" executed successfully
2026-09-27 05:04:37,909 - apscheduler.executors.default - INFO - Running job "check_and_send_unpaid_demande_reminders (trigger: interval[6:00:00], next run at: 2026-09-27 09:04:37 UTC)" (scheduled at 2026-09-27 03:04:37.893233+00:00)
2026-09-27 05:04:37,917 - apscheduler.executors.default - INFO - Job "check_and_send_unpaid_demande_reminders (trigger: interval[6:00:00], next run at: 2026-09-27 09:04:37 UTC)" executed successfully
2026-09-27 05:04:52,909 - apscheduler.executors.default - INFO - Running job "check_and_auto_abandon_expired_remun_demandes (trigger: interval[6:00:00], next run at: 2026-09-27 09:04:52 UTC)" (scheduled at 2026-09-27 03:04:52.893745+00:00)
2026-09-27 05:04:52,971 - apscheduler.executors.default - INFO - Job "check_and_auto_abandon_expired_remun_demandes (trigger: interval[6:00:00], next run at: 2026-09-27 09:04:52 UTC)" executed successfully
2026-09-27 05:12:08,402 - config - INFO - Toutes les variables d'environnement requises sont présentes
2026-09-27 05:14:11,043 - config - INFO - Toutes les variables d'environnement requises sont présentes
2026-09-27 05:16:42,496 - webhook_app - INFO - ⚡ Initialisation post-fork du Bot et de l'Event Loop (PID: 2)
2026-09-27 05:16:42,498 - config - INFO - Toutes les variables d'environnement requises sont présentes
2026-09-27 05:16:42,789 - database.connection - INFO - Pool MySQL établi sur paraworld.mysql.eu.pythonanywhere-services.com (base : paraworld$telegramDB) [PID: 2]
2026-09-27 05:16:42,790 - database.connection - INFO - ConnectionManager initialisé avec pool de 2 connexions.
2026-09-27 05:16:42,921 - database.schema - INFO - Vérification et création des tables terminées avec succès.
2026-09-27 05:16:42,925 - config - INFO - Cache rôles chargé : 2 owners, 3 admins (managers) et 1 staff (opérateurs)
2026-09-27 05:16:42,927 - handlers.user.compte - INFO - CompteManager initialisé avec support réglages VIP
2026-09-27 05:16:42,927 - handlers.user.navigation - INFO - NavigationManager initialisé avec support Orientation & Staff
2026-09-27 05:16:42,928 - handlers.user.formulaire - INFO - FormulaireManager initialisé avec support VIP Assignée & Auto-Assign
2026-09-27 05:16:42,928 - handlers.user.demande - INFO - DemandeManager initialisé avec charte graphique unifiée et support RBAC
2026-09-27 05:16:42,928 - handlers.user.edition - INFO - EditionManager initialisé avec support du prix plancher prioritaire et requêtes précompilées
2026-09-27 05:16:42,928 - handlers.staff.suivi - INFO - SuiviManager initialisé avec charte graphique unifiée, confirmation de paiement et surveillance
2026-09-27 05:16:42,928 - handlers.staff.notifs - INFO - NotifsManager initialisé avec support Staff/Admin, Surveillance & Paiement Prio
2026-09-27 05:16:42,929 - handlers.staff.statuts - INFO - StatutsManager initialisé avec support Staff/Admin, Surveillance et Dénouement Période d'essai
2026-09-27 05:16:42,929 - handlers.staff.photos - INFO - PhotosManager initialisé avec supervision hiérarchique
2026-09-27 05:16:42,929 - handlers.staff.notifs - INFO - NotifsManager initialisé avec support Staff/Admin, Surveillance & Paiement Prio
2026-09-27 05:16:42,929 - handlers.staff.dispo - INFO - DispoManager initialisé avec disposition conforme et indicateur de rémunération
2026-09-27 05:16:42,930 - handlers.staff.alias - INFO - AliasManager initialisé avec support Staff/Admin
2026-09-27 05:16:42,930 - handlers.staff.notifs - INFO - NotifsManager initialisé avec support Staff/Admin, Surveillance & Paiement Prio
2026-09-27 05:16:42,930 - handlers.staff.contact - INFO - ContactManager initialisé avec support Multi-Owner
2026-09-27 05:16:42,930 - handlers.staff.profils - INFO - ProfilsManager initialisé avec supervision hiérarchique et contrôle des bannissements
2026-09-27 05:16:42,930 - handlers.staff.archives - INFO - ArchivesManager initialisé avec support double vue (personnelle & générale)
2026-09-27 05:16:42,930 - handlers.staff.alias - INFO - AliasManager initialisé avec support Staff/Admin
2026-09-27 05:16:42,931 - handlers.staff.archives - INFO - ArchivesManager initialisé avec support double vue (personnelle & générale)
2026-09-27 05:16:42,931 - handlers.admin.config - INFO - ConfigManager initialisé avec support Délais, Quotas, Rappels & Rémunération
2026-09-27 05:16:42,931 - handlers.admin.stats - INFO - StatsManager initialisé avec support RBAC
2026-09-27 05:16:42,931 - handlers.admin.bot - INFO - BotManager initialisé avec support Multi-Owner
2026-09-27 05:16:42,931 - handlers.admin.staff - INFO - StaffManager initialisé avec pré-configuration avant validation
2026-09-27 05:16:42,931 - handlers.admin_handlers - INFO - AdminHandlers initialisé avec architecture allégée (Purge, Membres, VIPs isolés).
2026-09-27 05:16:43,124 - root - ERROR - /home/paraworld/teleform/handlers/user/formulaire.py:72: PTBUserWarning: If 'per_message=False', 'CallbackQueryHandler' will not be tracked for every message. Read this FAQ entry to learn more about the per_* settings: https://github.com/python-telegram-bot/python-telegram-bot/wiki/Frequently-Asked-Questions#what-do-the-per_-settings-in-conversationhandler-do.
2026-09-27 05:16:43,124 - root - ERROR -   return ConversationHandler(
2026-09-27 05:16:43,125 - root - ERROR - /home/paraworld/teleform/main.py:215: PTBUserWarning: If 'per_message=False', 'CallbackQueryHandler' will not be tracked for every message. Read this FAQ entry to learn more about the per_* settings: https://github.com/python-telegram-bot/python-telegram-bot/wiki/Frequently-Asked-Questions#what-do-the-per_-settings-in-conversationhandler-do.
2026-09-27 05:16:43,125 - root - ERROR -   modify_alias_conv = ConversationHandler(
2026-09-27 05:16:43,126 - root - ERROR - /home/paraworld/teleform/main.py:231: PTBUserWarning: If 'per_message=False', 'CallbackQueryHandler' will not be tracked for every message. Read this FAQ entry to learn more about the per_* settings: https://github.com/python-telegram-bot/python-telegram-bot/wiki/Frequently-Asked-Questions#what-do-the-per_-settings-in-conversationhandler-do.
2026-09-27 05:16:43,126 - root - ERROR -   contact_owner_conv = ConversationHandler(
2026-09-27 05:16:43,126 - root - ERROR - /home/paraworld/teleform/main.py:250: PTBUserWarning: If 'per_message=False', 'CallbackQueryHandler' will not be tracked for every message. Read this FAQ entry to learn more about the per_* settings: https://github.com/python-telegram-bot/python-telegram-bot/wiki/Frequently-Asked-Questions#what-do-the-per_-settings-in-conversationhandler-do.
2026-09-27 05:16:43,126 - root - ERROR -   owner_reply_conv = ConversationHandler(
2026-09-27 05:16:43,127 - root - ERROR - /home/paraworld/teleform/main.py:266: PTBUserWarning: If 'per_message=False', 'CallbackQueryHandler' will not be tracked for every message. Read this FAQ entry to learn more about the per_* settings: https://github.com/python-telegram-bot/python-telegram-bot/wiki/Frequently-Asked-Questions#what-do-the-per_-settings-in-conversationhandler-do.
2026-09-27 05:16:43,127 - root - ERROR -   add_staff_conv = ConversationHandler(
2026-09-27 05:16:43,127 - root - ERROR - /home/paraworld/teleform/main.py:285: PTBUserWarning: If 'per_message=False', 'CallbackQueryHandler' will not be tracked for every message. Read this FAQ entry to learn more about the per_* settings: https://github.com/python-telegram-bot/python-telegram-bot/wiki/Frequently-Asked-Questions#what-do-the-per_-settings-in-conversationhandler-do.
2026-09-27 05:16:43,128 - root - ERROR -   remove_staff_conv = ConversationHandler(
2026-09-27 05:16:43,128 - root - ERROR - /home/paraworld/teleform/main.py:304: PTBUserWarning: If 'per_message=False', 'CallbackQueryHandler' will not be tracked for every message. Read this FAQ entry to learn more about the per_* settings: https://github.com/python-telegram-bot/python-telegram-bot/wiki/Frequently-Asked-Questions#what-do-the-per_-settings-in-conversationhandler-do.
2026-09-27 05:16:43,128 - root - ERROR -   add_admin_conv = ConversationHandler(
2026-09-27 05:16:43,128 - root - ERROR - /home/paraworld/teleform/main.py:320: PTBUserWarning: If 'per_message=False', 'CallbackQueryHandler' will not be tracked for every message. Read this FAQ entry to learn more about the per_* settings: https://github.com/python-telegram-bot/python-telegram-bot/wiki/Frequently-Asked-Questions#what-do-the-per_-settings-in-conversationhandler-do.
2026-09-27 05:16:43,129 - root - ERROR -   remove_admin_conv = ConversationHandler(
2026-09-27 05:16:43,129 - root - ERROR - /home/paraworld/teleform/main.py:339: PTBUserWarning: If 'per_message=False', 'CallbackQueryHandler' will not be tracked for every message. Read this FAQ entry to learn more about the per_* settings: https://github.com/python-telegram-bot/python-telegram-bot/wiki/Frequently-Asked-Questions#what-do-the-per_-settings-in-conversationhandler-do.
2026-09-27 05:16:43,129 - root - ERROR -   add_vip_conv = ConversationHandler(
2026-09-27 05:16:43,129 - root - ERROR - /home/paraworld/teleform/main.py:359: PTBUserWarning: If 'per_message=False', 'CallbackQueryHandler' will not be tracked for every message. Read this FAQ entry to learn more about the per_* settings: https://github.com/python-telegram-bot/python-telegram-bot/wiki/Frequently-Asked-Questions#what-do-the-per_-settings-in-conversationhandler-do.
2026-09-27 05:16:43,130 - root - ERROR -   remove_vip_conv = ConversationHandler(
2026-09-27 05:16:43,135 - apscheduler.scheduler - INFO - Adding job tentatively -- it will be properly scheduled when the scheduler starts
2026-09-27 05:16:43,135 - apscheduler.scheduler - INFO - Adding job tentatively -- it will be properly scheduled when the scheduler starts
2026-09-27 05:16:43,135 - apscheduler.scheduler - INFO - Adding job tentatively -- it will be properly scheduled when the scheduler starts
2026-09-27 05:16:43,136 - apscheduler.scheduler - INFO - Adding job tentatively -- it will be properly scheduled when the scheduler starts
2026-09-27 05:16:43,136 - apscheduler.scheduler - INFO - Adding job tentatively -- it will be properly scheduled when the scheduler starts
2026-09-27 05:16:43,136 - apscheduler.scheduler - INFO - Adding job tentatively -- it will be properly scheduled when the scheduler starts
2026-09-27 05:16:43,136 - main - INFO - ⏰ Tâches JobQueue configurées et actives.
2026-09-27 05:16:43,171 - httpx - INFO - HTTP Request: POST https://api.telegram.org/bot7580250572:AAHmXuKZGap_jrmDRcgPIK3DhOq1mQ2eb9c/getMe "HTTP/1.1 200 OK"
2026-09-27 05:16:43,173 - apscheduler.scheduler - INFO - Added job "check_and_send_admin_reminders" to job store "default"
2026-09-27 05:16:43,173 - apscheduler.scheduler - INFO - Added job "check_and_auto_archive_demandes" to job store "default"
2026-09-27 05:16:43,173 - apscheduler.scheduler - INFO - Added job "check_and_send_delivery_reminders" to job store "default"
2026-09-27 05:16:43,173 - apscheduler.scheduler - INFO - Added job "check_and_send_paid_delivery_reminders" to job store "default"
2026-09-27 05:16:43,174 - apscheduler.scheduler - INFO - Added job "check_and_send_unpaid_demande_reminders" to job store "default"
2026-09-27 05:16:43,174 - apscheduler.scheduler - INFO - Added job "check_and_auto_abandon_expired_remun_demandes" to job store "default"
2026-09-27 05:16:43,174 - apscheduler.scheduler - INFO - Scheduler started
2026-09-27 05:16:43,174 - telegram.ext.Application - INFO - Application started
2026-09-27 05:16:43,175 - webhook_app - INFO - ✅ Bot Telegram opérationnel dans le worker PID 2
2026-09-27 05:16:43,176 - webhook_app - INFO - 📩 Update reçue : ID=816746689, type=/start
2026-09-27 05:16:43,183 - handlers.user_handlers - INFO - 🚀 Exécution de /start pour user_id=1340055152 (Tom)
2026-09-27 05:16:43,344 - httpx - INFO - HTTP Request: POST https://api.telegram.org/bot7580250572:AAHmXuKZGap_jrmDRcgPIK3DhOq1mQ2eb9c/sendMessage "HTTP/1.1 200 OK"
2026-09-27 05:16:43,346 - handlers.user_handlers - INFO - ✅ Message de bienvenue envoyé avec succès à 1340055152
2026-09-27 05:16:43,347 - webhook_app - INFO - ✅ Update 816746689 traitée avec succès.
2026-09-27 05:16:44,834 - webhook_app - INFO - 📩 Update reçue : ID=816746690, type=autre
2026-09-27 05:16:44,966 - httpx - INFO - HTTP Request: POST https://api.telegram.org/bot7580250572:AAHmXuKZGap_jrmDRcgPIK3DhOq1mQ2eb9c/answerCallbackQuery "HTTP/1.1 200 OK"
2026-09-27 05:16:45,131 - httpx - INFO - HTTP Request: POST https://api.telegram.org/bot7580250572:AAHmXuKZGap_jrmDRcgPIK3DhOq1mQ2eb9c/editMessageText "HTTP/1.1 200 OK"
2026-09-27 05:16:45,132 - webhook_app - INFO - ✅ Update 816746690 traitée avec succès.
2026-09-27 05:16:46,266 - webhook_app - INFO - 📩 Update reçue : ID=816746691, type=autre
2026-09-27 05:16:46,397 - httpx - INFO - HTTP Request: POST https://api.telegram.org/bot7580250572:AAHmXuKZGap_jrmDRcgPIK3DhOq1mQ2eb9c/answerCallbackQuery "HTTP/1.1 200 OK"
2026-09-27 05:16:46,536 - httpx - INFO - HTTP Request: POST https://api.telegram.org/bot7580250572:AAHmXuKZGap_jrmDRcgPIK3DhOq1mQ2eb9c/editMessageText "HTTP/1.1 200 OK"
2026-09-27 05:16:46,537 - webhook_app - INFO - ✅ Update 816746691 traitée avec succès.
2026-09-27 05:16:47,254 - webhook_app - INFO - 📩 Update reçue : ID=816746692, type=autre
2026-09-27 05:16:47,388 - httpx - INFO - HTTP Request: POST https://api.telegram.org/bot7580250572:AAHmXuKZGap_jrmDRcgPIK3DhOq1mQ2eb9c/answerCallbackQuery "HTTP/1.1 200 OK"
2026-09-27 05:16:47,521 - httpx - INFO - HTTP Request: POST https://api.telegram.org/bot7580250572:AAHmXuKZGap_jrmDRcgPIK3DhOq1mQ2eb9c/answerCallbackQuery "HTTP/1.1 200 OK"
2026-09-27 05:16:47,662 - httpx - INFO - HTTP Request: POST https://api.telegram.org/bot7580250572:AAHmXuKZGap_jrmDRcgPIK3DhOq1mQ2eb9c/deleteMessage "HTTP/1.1 200 OK"
2026-09-27 05:16:47,811 - httpx - INFO - HTTP Request: POST https://api.telegram.org/bot7580250572:AAHmXuKZGap_jrmDRcgPIK3DhOq1mQ2eb9c/sendPhoto "HTTP/1.1 200 OK"
2026-09-27 05:16:47,812 - webhook_app - INFO - ✅ Update 816746692 traitée avec succès.
2026-09-27 05:16:51,533 - webhook_app - INFO - 📩 Update reçue : ID=816746693, type=autre
2026-09-27 05:16:51,727 - httpx - INFO - HTTP Request: POST https://api.telegram.org/bot7580250572:AAHmXuKZGap_jrmDRcgPIK3DhOq1mQ2eb9c/answerCallbackQuery "HTTP/1.1 200 OK"
2026-09-27 05:16:51,859 - httpx - INFO - HTTP Request: POST https://api.telegram.org/bot7580250572:AAHmXuKZGap_jrmDRcgPIK3DhOq1mQ2eb9c/answerCallbackQuery "HTTP/1.1 200 OK"
2026-09-27 05:16:52,094 - httpx - INFO - HTTP Request: POST https://api.telegram.org/bot7580250572:AAHmXuKZGap_jrmDRcgPIK3DhOq1mQ2eb9c/editMessageMedia "HTTP/1.1 200 OK"
2026-09-27 05:16:52,096 - webhook_app - INFO - ✅ Update 816746693 traitée avec succès.
2026-09-27 05:16:53,465 - webhook_app - INFO - 📩 Update reçue : ID=816746694, type=autre
2026-09-27 05:16:53,596 - httpx - INFO - HTTP Request: POST https://api.telegram.org/bot7580250572:AAHmXuKZGap_jrmDRcgPIK3DhOq1mQ2eb9c/answerCallbackQuery "HTTP/1.1 200 OK"
2026-09-27 05:16:53,725 - httpx - INFO - HTTP Request: POST https://api.telegram.org/bot7580250572:AAHmXuKZGap_jrmDRcgPIK3DhOq1mQ2eb9c/answerCallbackQuery "HTTP/1.1 200 OK"
2026-09-27 05:16:53,880 - httpx - INFO - HTTP Request: POST https://api.telegram.org/bot7580250572:AAHmXuKZGap_jrmDRcgPIK3DhOq1mQ2eb9c/editMessageMedia "HTTP/1.1 200 OK"
2026-09-27 05:16:53,882 - webhook_app - INFO - ✅ Update 816746694 traitée avec succès.
2026-09-27 05:16:55,503 - webhook_app - INFO - 📩 Update reçue : ID=816746695, type=autre
2026-09-27 05:16:55,634 - httpx - INFO - HTTP Request: POST https://api.telegram.org/bot7580250572:AAHmXuKZGap_jrmDRcgPIK3DhOq1mQ2eb9c/answerCallbackQuery "HTTP/1.1 200 OK"
2026-09-27 05:16:55,766 - httpx - INFO - HTTP Request: POST https://api.telegram.org/bot7580250572:AAHmXuKZGap_jrmDRcgPIK3DhOq1mQ2eb9c/answerCallbackQuery "HTTP/1.1 200 OK"
2026-09-27 05:16:55,925 - httpx - INFO - HTTP Request: POST https://api.telegram.org/bot7580250572:AAHmXuKZGap_jrmDRcgPIK3DhOq1mQ2eb9c/editMessageMedia "HTTP/1.1 200 OK"
2026-09-27 05:16:55,927 - webhook_app - INFO - ✅ Update 816746695 traitée avec succès.
2026-09-27 05:16:58,136 - apscheduler.executors.default - INFO - Running job "check_and_send_admin_reminders (trigger: interval[1:00:00], next run at: 2026-09-27 04:16:58 UTC)" (scheduled at 2026-09-27 03:16:58.133347+00:00)
2026-09-27 05:16:58,165 - apscheduler.executors.default - INFO - Job "check_and_send_admin_reminders (trigger: interval[1:00:00], next run at: 2026-09-27 04:16:58 UTC)" executed successfully
2026-09-27 05:17:05,295 - webhook_app - INFO - 📩 Update reçue : ID=816746696, type=autre
2026-09-27 05:17:05,446 - httpx - INFO - HTTP Request: POST https://api.telegram.org/bot7580250572:AAHmXuKZGap_jrmDRcgPIK3DhOq1mQ2eb9c/answerCallbackQuery "HTTP/1.1 200 OK"
2026-09-27 05:17:05,578 - httpx - INFO - HTTP Request: POST https://api.telegram.org/bot7580250572:AAHmXuKZGap_jrmDRcgPIK3DhOq1mQ2eb9c/deleteMessage "HTTP/1.1 200 OK"
2026-09-27 05:17:05,723 - httpx - INFO - HTTP Request: POST https://api.telegram.org/bot7580250572:AAHmXuKZGap_jrmDRcgPIK3DhOq1mQ2eb9c/sendMessage "HTTP/1.1 200 OK"
2026-09-27 05:17:05,725 - webhook_app - INFO - ✅ Update 816746696 traitée avec succès.
2026-09-27 05:17:09,229 - webhook_app - INFO - 📩 Update reçue : ID=816746697, type=autre
2026-09-27 05:17:09,364 - httpx - INFO - HTTP Request: POST https://api.telegram.org/bot7580250572:AAHmXuKZGap_jrmDRcgPIK3DhOq1mQ2eb9c/answerCallbackQuery "HTTP/1.1 200 OK"
2026-09-27 05:17:09,504 - httpx - INFO - HTTP Request: POST https://api.telegram.org/bot7580250572:AAHmXuKZGap_jrmDRcgPIK3DhOq1mQ2eb9c/editMessageText "HTTP/1.1 200 OK"
2026-09-27 05:17:09,506 - webhook_app - INFO - ✅ Update 816746697 traitée avec succès.
2026-09-27 05:17:11,370 - webhook_app - INFO - 📩 Update reçue : ID=816746698, type=autre
2026-09-27 05:17:11,499 - httpx - INFO - HTTP Request: POST https://api.telegram.org/bot7580250572:AAHmXuKZGap_jrmDRcgPIK3DhOq1mQ2eb9c/answerCallbackQuery "HTTP/1.1 200 OK"
2026-09-27 05:17:11,645 - httpx - INFO - HTTP Request: POST https://api.telegram.org/bot7580250572:AAHmXuKZGap_jrmDRcgPIK3DhOq1mQ2eb9c/editMessageText "HTTP/1.1 200 OK"
2026-09-27 05:17:11,647 - webhook_app - INFO - ✅ Update 816746698 traitée avec succès.
2026-09-27 05:17:13,130 - webhook_app - INFO - 📩 Update reçue : ID=816746699, type=autre
2026-09-27 05:17:13,136 - apscheduler.executors.default - INFO - Running job "check_and_auto_archive_demandes (trigger: interval[1:00:00], next run at: 2026-09-27 04:17:13 UTC)" (scheduled at 2026-09-27 03:17:13.135368+00:00)
2026-09-27 05:17:13,146 - apscheduler.executors.default - INFO - Job "check_and_auto_archive_demandes (trigger: interval[1:00:00], next run at: 2026-09-27 04:17:13 UTC)" executed successfully
2026-09-27 05:17:13,277 - httpx - INFO - HTTP Request: POST https://api.telegram.org/bot7580250572:AAHmXuKZGap_jrmDRcgPIK3DhOq1mQ2eb9c/answerCallbackQuery "HTTP/1.1 200 OK"
2026-09-27 05:17:13,433 - httpx - INFO - HTTP Request: POST https://api.telegram.org/bot7580250572:AAHmXuKZGap_jrmDRcgPIK3DhOq1mQ2eb9c/editMessageText "HTTP/1.1 200 OK"
2026-09-27 05:17:13,435 - webhook_app - INFO - ✅ Update 816746699 traitée avec succès.
2026-09-27 05:17:14,450 - webhook_app - INFO - 📩 Update reçue : ID=816746700, type=autre
2026-09-27 05:17:14,582 - httpx - INFO - HTTP Request: POST https://api.telegram.org/bot7580250572:AAHmXuKZGap_jrmDRcgPIK3DhOq1mQ2eb9c/answerCallbackQuery "HTTP/1.1 200 OK"
2026-09-27 05:17:14,734 - httpx - INFO - HTTP Request: POST https://api.telegram.org/bot7580250572:AAHmXuKZGap_jrmDRcgPIK3DhOq1mQ2eb9c/editMessageText "HTTP/1.1 200 OK"
2026-09-27 05:17:14,735 - webhook_app - INFO - ✅ Update 816746700 traitée avec succès.
2026-09-27 05:17:16,092 - webhook_app - INFO - 📩 Update reçue : ID=816746701, type=autre
2026-09-27 05:17:16,277 - httpx - INFO - HTTP Request: POST https://api.telegram.org/bot7580250572:AAHmXuKZGap_jrmDRcgPIK3DhOq1mQ2eb9c/answerCallbackQuery "HTTP/1.1 200 OK"
2026-09-27 05:17:16,447 - httpx - INFO - HTTP Request: POST https://api.telegram.org/bot7580250572:AAHmXuKZGap_jrmDRcgPIK3DhOq1mQ2eb9c/editMessageText "HTTP/1.1 200 OK"
2026-09-27 05:17:16,450 - webhook_app - INFO - ✅ Update 816746701 traitée avec succès.
2026-09-27 05:17:20,852 - webhook_app - INFO - 📩 Update reçue : ID=816746702, type=autre
2026-09-27 05:17:20,981 - httpx - INFO - HTTP Request: POST https://api.telegram.org/bot7580250572:AAHmXuKZGap_jrmDRcgPIK3DhOq1mQ2eb9c/answerCallbackQuery "HTTP/1.1 200 OK"
2026-09-27 05:17:21,252 - httpx - INFO - HTTP Request: POST https://api.telegram.org/bot7580250572:AAHmXuKZGap_jrmDRcgPIK3DhOq1mQ2eb9c/editMessageText "HTTP/1.1 200 OK"
2026-09-27 05:17:21,253 - webhook_app - INFO - ✅ Update 816746702 traitée avec succès.
2026-09-27 05:17:28,144 - apscheduler.executors.default - INFO - Running job "check_and_send_delivery_reminders (trigger: interval[6:00:00], next run at: 2026-09-27 09:17:28 UTC)" (scheduled at 2026-09-27 03:17:28.135674+00:00)
2026-09-27 05:17:28,153 - apscheduler.executors.default - INFO - Job "check_and_send_delivery_reminders (trigger: interval[6:00:00], next run at: 2026-09-27 09:17:28 UTC)" executed successfully
2026-09-27 05:17:43,151 - apscheduler.executors.default - INFO - Running job "check_and_send_paid_delivery_reminders (trigger: interval[1 day, 0:00:00], next run at: 2026-09-28 03:17:43 UTC)" (scheduled at 2026-09-27 03:17:43.135957+00:00)
2026-09-27 05:17:43,157 - apscheduler.executors.default - INFO - Job "check_and_send_paid_delivery_reminders (trigger: interval[1 day, 0:00:00], next run at: 2026-09-28 03:17:43 UTC)" executed successfully
2026-09-27 05:17:56,725 - webhook_app - INFO - 📩 Update reçue : ID=816746703, type=autre
2026-09-27 05:17:56,880 - httpx - INFO - HTTP Request: POST https://api.telegram.org/bot7580250572:AAHmXuKZGap_jrmDRcgPIK3DhOq1mQ2eb9c/answerCallbackQuery "HTTP/1.1 200 OK"
2026-09-27 05:17:57,023 - httpx - INFO - HTTP Request: POST https://api.telegram.org/bot7580250572:AAHmXuKZGap_jrmDRcgPIK3DhOq1mQ2eb9c/editMessageText "HTTP/1.1 200 OK"
2026-09-27 05:17:57,024 - webhook_app - INFO - ✅ Update 816746703 traitée avec succès.
2026-09-27 05:17:58,138 - apscheduler.executors.default - INFO - Running job "check_and_send_unpaid_demande_reminders (trigger: interval[6:00:00], next run at: 2026-09-27 09:17:58 UTC)" (scheduled at 2026-09-27 03:17:58.136236+00:00)
2026-09-27 05:17:58,148 - apscheduler.executors.default - INFO - Job "check_and_send_unpaid_demande_reminders (trigger: interval[6:00:00], next run at: 2026-09-27 09:17:58 UTC)" executed successfully
2026-09-27 05:17:59,523 - webhook_app - INFO - 📩 Update reçue : ID=816746704, type=autre
2026-09-27 05:17:59,689 - httpx - INFO - HTTP Request: POST https://api.telegram.org/bot7580250572:AAHmXuKZGap_jrmDRcgPIK3DhOq1mQ2eb9c/answerCallbackQuery "HTTP/1.1 200 OK"
2026-09-27 05:17:59,837 - httpx - INFO - HTTP Request: POST https://api.telegram.org/bot7580250572:AAHmXuKZGap_jrmDRcgPIK3DhOq1mQ2eb9c/editMessageText "HTTP/1.1 200 OK"
2026-09-27 05:17:59,839 - webhook_app - INFO - ✅ Update 816746704 traitée avec succès.
2026-09-27 05:18:01,508 - webhook_app - INFO - 📩 Update reçue : ID=816746705, type=autre
2026-09-27 05:18:01,645 - httpx - INFO - HTTP Request: POST https://api.telegram.org/bot7580250572:AAHmXuKZGap_jrmDRcgPIK3DhOq1mQ2eb9c/answerCallbackQuery "HTTP/1.1 200 OK"
2026-09-27 05:18:01,792 - httpx - INFO - HTTP Request: POST https://api.telegram.org/bot7580250572:AAHmXuKZGap_jrmDRcgPIK3DhOq1mQ2eb9c/editMessageText "HTTP/1.1 200 OK"
2026-09-27 05:18:01,793 - webhook_app - INFO - ✅ Update 816746705 traitée avec succès.
2026-09-27 05:18:03,004 - webhook_app - INFO - 📩 Update reçue : ID=816746706, type=autre
2026-09-27 05:18:03,142 - httpx - INFO - HTTP Request: POST https://api.telegram.org/bot7580250572:AAHmXuKZGap_jrmDRcgPIK3DhOq1mQ2eb9c/answerCallbackQuery "HTTP/1.1 200 OK"
2026-09-27 05:18:03,320 - httpx - INFO - HTTP Request: POST https://api.telegram.org/bot7580250572:AAHmXuKZGap_jrmDRcgPIK3DhOq1mQ2eb9c/editMessageText "HTTP/1.1 200 OK"
2026-09-27 05:18:03,321 - webhook_app - INFO - ✅ Update 816746706 traitée avec succès.
2026-09-27 05:18:05,711 - webhook_app - INFO - 📩 Update reçue : ID=816746707, type=autre
2026-09-27 05:18:05,906 - httpx - INFO - HTTP Request: POST https://api.telegram.org/bot7580250572:AAHmXuKZGap_jrmDRcgPIK3DhOq1mQ2eb9c/answerCallbackQuery "HTTP/1.1 200 OK"
2026-09-27 05:18:06,058 - httpx - INFO - HTTP Request: POST https://api.telegram.org/bot7580250572:AAHmXuKZGap_jrmDRcgPIK3DhOq1mQ2eb9c/editMessageText "HTTP/1.1 200 OK"
2026-09-27 05:18:06,059 - webhook_app - INFO - ✅ Update 816746707 traitée avec succès.
2026-09-27 05:18:07,559 - webhook_app - INFO - 📩 Update reçue : ID=816746708, type=autre
2026-09-27 05:18:07,701 - httpx - INFO - HTTP Request: POST https://api.telegram.org/bot7580250572:AAHmXuKZGap_jrmDRcgPIK3DhOq1mQ2eb9c/answerCallbackQuery "HTTP/1.1 200 OK"
2026-09-27 05:18:07,842 - httpx - INFO - HTTP Request: POST https://api.telegram.org/bot7580250572:AAHmXuKZGap_jrmDRcgPIK3DhOq1mQ2eb9c/editMessageText "HTTP/1.1 200 OK"
2026-09-27 05:18:07,843 - webhook_app - INFO - ✅ Update 816746708 traitée avec succès.
2026-09-27 05:18:13,104 - webhook_app - INFO - 📩 Update reçue : ID=816746709, type=autre
2026-09-27 05:18:13,137 - apscheduler.executors.default - INFO - Running job "check_and_auto_abandon_expired_remun_demandes (trigger: interval[6:00:00], next run at: 2026-09-27 09:18:13 UTC)" (scheduled at 2026-09-27 03:18:13.136517+00:00)
2026-09-27 05:18:13,154 - apscheduler.executors.default - INFO - Job "check_and_auto_abandon_expired_remun_demandes (trigger: interval[6:00:00], next run at: 2026-09-27 09:18:13 UTC)" executed successfully
2026-09-27 05:18:13,266 - httpx - INFO - HTTP Request: POST https://api.telegram.org/bot7580250572:AAHmXuKZGap_jrmDRcgPIK3DhOq1mQ2eb9c/answerCallbackQuery "HTTP/1.1 200 OK"
2026-09-27 05:18:13,413 - httpx - INFO - HTTP Request: POST https://api.telegram.org/bot7580250572:AAHmXuKZGap_jrmDRcgPIK3DhOq1mQ2eb9c/editMessageText "HTTP/1.1 200 OK"
2026-09-27 05:18:13,415 - webhook_app - INFO - ✅ Update 816746709 traitée avec succès.
2026-09-27 05:18:14,651 - webhook_app - INFO - 📩 Update reçue : ID=816746710, type=autre
2026-09-27 05:18:14,788 - httpx - INFO - HTTP Request: POST https://api.telegram.org/bot7580250572:AAHmXuKZGap_jrmDRcgPIK3DhOq1mQ2eb9c/answerCallbackQuery "HTTP/1.1 200 OK"
2026-09-27 05:18:14,933 - httpx - INFO - HTTP Request: POST https://api.telegram.org/bot7580250572:AAHmXuKZGap_jrmDRcgPIK3DhOq1mQ2eb9c/editMessageText "HTTP/1.1 200 OK"
2026-09-27 05:18:14,935 - webhook_app - INFO - ✅ Update 816746710 traitée avec succès.
2026-09-27 05:18:16,350 - webhook_app - INFO - 📩 Update reçue : ID=816746711, type=autre
2026-09-27 05:18:16,484 - httpx - INFO - HTTP Request: POST https://api.telegram.org/bot7580250572:AAHmXuKZGap_jrmDRcgPIK3DhOq1mQ2eb9c/answerCallbackQuery "HTTP/1.1 200 OK"
2026-09-27 05:18:16,636 - httpx - INFO - HTTP Request: POST https://api.telegram.org/bot7580250572:AAHmXuKZGap_jrmDRcgPIK3DhOq1mQ2eb9c/editMessageText "HTTP/1.1 200 OK"
2026-09-27 05:18:16,637 - webhook_app - INFO - ✅ Update 816746711 traitée avec succès.
2026-09-27 05:18:18,333 - webhook_app - INFO - 📩 Update reçue : ID=816746712, type=autre
2026-09-27 05:18:18,463 - httpx - INFO - HTTP Request: POST https://api.telegram.org/bot7580250572:AAHmXuKZGap_jrmDRcgPIK3DhOq1mQ2eb9c/answerCallbackQuery "HTTP/1.1 200 OK"
2026-09-27 05:18:18,625 - httpx - INFO - HTTP Request: POST https://api.telegram.org/bot7580250572:AAHmXuKZGap_jrmDRcgPIK3DhOq1mQ2eb9c/editMessageText "HTTP/1.1 200 OK"
2026-09-27 05:18:18,626 - webhook_app - INFO - ✅ Update 816746712 traitée avec succès.
2026-09-27 05:18:21,426 - webhook_app - INFO - 📩 Update reçue : ID=816746713, type=autre
2026-09-27 05:18:21,580 - httpx - INFO - HTTP Request: POST https://api.telegram.org/bot7580250572:AAHmXuKZGap_jrmDRcgPIK3DhOq1mQ2eb9c/answerCallbackQuery "HTTP/1.1 200 OK"
2026-09-27 05:18:21,726 - httpx - INFO - HTTP Request: POST https://api.telegram.org/bot7580250572:AAHmXuKZGap_jrmDRcgPIK3DhOq1mQ2eb9c/editMessageText "HTTP/1.1 200 OK"
2026-09-27 05:18:21,728 - webhook_app - INFO - ✅ Update 816746713 traitée avec succès.
2026-09-27 05:18:22,556 - webhook_app - INFO - 📩 Update reçue : ID=816746714, type=autre
2026-09-27 05:18:22,688 - httpx - INFO - HTTP Request: POST https://api.telegram.org/bot7580250572:AAHmXuKZGap_jrmDRcgPIK3DhOq1mQ2eb9c/answerCallbackQuery "HTTP/1.1 200 OK"
2026-09-27 05:18:22,831 - httpx - INFO - HTTP Request: POST https://api.telegram.org/bot7580250572:AAHmXuKZGap_jrmDRcgPIK3DhOq1mQ2eb9c/editMessageText "HTTP/1.1 200 OK"
2026-09-27 05:18:22,833 - webhook_app - INFO - ✅ Update 816746714 traitée avec succès.
2026-09-27 05:18:23,737 - webhook_app - INFO - 📩 Update reçue : ID=816746715, type=autre
2026-09-27 05:18:23,876 - httpx - INFO - HTTP Request: POST https://api.telegram.org/bot7580250572:AAHmXuKZGap_jrmDRcgPIK3DhOq1mQ2eb9c/answerCallbackQuery "HTTP/1.1 200 OK"
2026-09-27 05:18:24,018 - httpx - INFO - HTTP Request: POST https://api.telegram.org/bot7580250572:AAHmXuKZGap_jrmDRcgPIK3DhOq1mQ2eb9c/editMessageText "HTTP/1.1 200 OK"
2026-09-27 05:18:24,019 - webhook_app - INFO - ✅ Update 816746715 traitée avec succès.
2026-09-27 05:18:26,755 - webhook_app - INFO - 📩 Update reçue : ID=816746716, type=Lucas
2026-09-27 05:18:26,905 - httpx - INFO - HTTP Request: POST https://api.telegram.org/bot7580250572:AAHmXuKZGap_jrmDRcgPIK3DhOq1mQ2eb9c/sendMessage "HTTP/1.1 200 OK"
2026-09-27 05:18:26,906 - webhook_app - INFO - ✅ Update 816746716 traitée avec succès.
2026-09-27 05:18:30,286 - webhook_app - INFO - 📩 Update reçue : ID=816746717, type=autre
2026-09-27 05:18:30,420 - httpx - INFO - HTTP Request: POST https://api.telegram.org/bot7580250572:AAHmXuKZGap_jrmDRcgPIK3DhOq1mQ2eb9c/answerCallbackQuery "HTTP/1.1 200 OK"
2026-09-27 05:18:30,560 - httpx - INFO - HTTP Request: POST https://api.telegram.org/bot7580250572:AAHmXuKZGap_jrmDRcgPIK3DhOq1mQ2eb9c/editMessageText "HTTP/1.1 200 OK"
2026-09-27 05:18:30,561 - webhook_app - INFO - ✅ Update 816746717 traitée avec succès.
2026-09-27 05:18:31,601 - webhook_app - INFO - 📩 Update reçue : ID=816746718, type=autre
2026-09-27 05:18:31,740 - httpx - INFO - HTTP Request: POST https://api.telegram.org/bot7580250572:AAHmXuKZGap_jrmDRcgPIK3DhOq1mQ2eb9c/answerCallbackQuery "HTTP/1.1 200 OK"
2026-09-27 05:18:31,882 - httpx - INFO - HTTP Request: POST https://api.telegram.org/bot7580250572:AAHmXuKZGap_jrmDRcgPIK3DhOq1mQ2eb9c/editMessageText "HTTP/1.1 200 OK"
2026-09-27 05:18:31,883 - webhook_app - INFO - ✅ Update 816746718 traitée avec succès.
2026-09-27 05:18:33,009 - webhook_app - INFO - 📩 Update reçue : ID=816746719, type=autre
2026-09-27 05:18:33,147 - httpx - INFO - HTTP Request: POST https://api.telegram.org/bot7580250572:AAHmXuKZGap_jrmDRcgPIK3DhOq1mQ2eb9c/answerCallbackQuery "HTTP/1.1 200 OK"
2026-09-27 05:18:33,351 - httpx - INFO - HTTP Request: POST https://api.telegram.org/bot7580250572:AAHmXuKZGap_jrmDRcgPIK3DhOq1mQ2eb9c/editMessageText "HTTP/1.1 200 OK"
2026-09-27 05:18:33,352 - webhook_app - INFO - ✅ Update 816746719 traitée avec succès.
2026-09-27 05:18:35,323 - webhook_app - INFO - 📩 Update reçue : ID=816746720, type=autre
2026-09-27 05:18:35,454 - httpx - INFO - HTTP Request: POST https://api.telegram.org/bot7580250572:AAHmXuKZGap_jrmDRcgPIK3DhOq1mQ2eb9c/answerCallbackQuery "HTTP/1.1 200 OK"
2026-09-27 05:18:35,642 - httpx - INFO - HTTP Request: POST https://api.telegram.org/bot7580250572:AAHmXuKZGap_jrmDRcgPIK3DhOq1mQ2eb9c/editMessageText "HTTP/1.1 200 OK"
2026-09-27 05:18:35,644 - webhook_app - INFO - ✅ Update 816746720 traitée avec succès.
2026-09-27 05:22:27,381 - config - INFO - Toutes les variables d'environnement requises sont présentes
2026-09-27 05:26:38,501 - webhook_app - INFO - ⚡ Initialisation post-fork du Bot et de l'Event Loop (PID: 2)
2026-09-27 05:26:38,504 - config - INFO - Toutes les variables d'environnement requises sont présentes
2026-09-27 05:26:38,899 - database.connection - INFO - Pool MySQL établi sur paraworld.mysql.eu.pythonanywhere-services.com (base : paraworld$telegramDB) [PID: 2]
2026-09-27 05:26:38,900 - database.connection - INFO - ConnectionManager initialisé avec pool de 2 connexions.
2026-09-27 05:26:39,022 - database.schema - INFO - Vérification et création des tables terminées avec succès.
2026-09-27 05:26:39,025 - config - INFO - Cache rôles chargé : 2 owners, 3 admins (managers) et 1 staff (opérateurs)
2026-09-27 05:26:39,027 - handlers.user.compte - INFO - CompteManager initialisé avec support réglages VIP
2026-09-27 05:26:39,027 - handlers.user.navigation - INFO - NavigationManager initialisé avec support Orientation & Staff
2026-09-27 05:26:39,027 - handlers.user.formulaire - INFO - FormulaireManager initialisé avec support VIP Assignée & Auto-Assign
2026-09-27 05:26:39,027 - handlers.user.demande - INFO - DemandeManager initialisé avec charte graphique unifiée et support RBAC
2026-09-27 05:26:39,027 - handlers.user.edition - INFO - EditionManager initialisé avec support du prix plancher prioritaire et requêtes précompilées
2026-09-27 05:26:39,028 - handlers.staff.suivi - INFO - SuiviManager initialisé avec charte graphique unifiée, confirmation de paiement et surveillance
2026-09-27 05:26:39,028 - handlers.staff.notifs - INFO - NotifsManager initialisé avec support Staff/Admin, Surveillance & Paiement Prio
2026-09-27 05:26:39,028 - handlers.staff.statuts - INFO - StatutsManager initialisé avec support Staff/Admin, Surveillance et Dénouement Période d'essai
2026-09-27 05:26:39,028 - handlers.staff.photos - INFO - PhotosManager initialisé avec supervision hiérarchique
2026-09-27 05:26:39,028 - handlers.staff.notifs - INFO - NotifsManager initialisé avec support Staff/Admin, Surveillance & Paiement Prio
2026-09-27 05:26:39,029 - handlers.staff.dispo - INFO - DispoManager initialisé avec disposition conforme et indicateur de rémunération
2026-09-27 05:26:39,029 - handlers.staff.alias - INFO - AliasManager initialisé avec support Staff/Admin
2026-09-27 05:26:39,029 - handlers.staff.notifs - INFO - NotifsManager initialisé avec support Staff/Admin, Surveillance & Paiement Prio
2026-09-27 05:26:39,029 - handlers.staff.contact - INFO - ContactManager initialisé avec support Multi-Owner
2026-09-27 05:26:39,029 - handlers.staff.profils - INFO - ProfilsManager initialisé avec supervision hiérarchique et contrôle des bannissements
2026-09-27 05:26:39,030 - handlers.staff.archives - INFO - ArchivesManager initialisé avec support double vue (personnelle & générale)
2026-09-27 05:26:39,030 - handlers.staff.alias - INFO - AliasManager initialisé avec support Staff/Admin
2026-09-27 05:26:39,030 - handlers.staff.archives - INFO - ArchivesManager initialisé avec support double vue (personnelle & générale)
2026-09-27 05:26:39,030 - handlers.admin.config - INFO - ConfigManager initialisé avec support Délais, Quotas, Rappels & Rémunération
2026-09-27 05:26:39,031 - handlers.admin.stats - INFO - StatsManager initialisé avec support RBAC
2026-09-27 05:26:39,031 - handlers.admin.bot - INFO - BotManager initialisé avec support Multi-Owner
2026-09-27 05:26:39,031 - handlers.admin.staff - INFO - StaffManager initialisé avec pré-configuration avant validation
2026-09-27 05:26:39,031 - handlers.admin_handlers - INFO - AdminHandlers initialisé avec architecture allégée (Purge, Membres, VIPs isolés).
2026-09-27 05:26:39,214 - root - ERROR - /home/paraworld/teleform/handlers/user/formulaire.py:72: PTBUserWarning: If 'per_message=False', 'CallbackQueryHandler' will not be tracked for every message. Read this FAQ entry to learn more about the per_* settings: https://github.com/python-telegram-bot/python-telegram-bot/wiki/Frequently-Asked-Questions#what-do-the-per_-settings-in-conversationhandler-do.
2026-09-27 05:26:39,215 - root - ERROR -   return ConversationHandler(
2026-09-27 05:26:39,216 - root - ERROR - /home/paraworld/teleform/main.py:215: PTBUserWarning: If 'per_message=False', 'CallbackQueryHandler' will not be tracked for every message. Read this FAQ entry to learn more about the per_* settings: https://github.com/python-telegram-bot/python-telegram-bot/wiki/Frequently-Asked-Questions#what-do-the-per_-settings-in-conversationhandler-do.
2026-09-27 05:26:39,216 - root - ERROR -   modify_alias_conv = ConversationHandler(
2026-09-27 05:26:39,217 - root - ERROR - /home/paraworld/teleform/main.py:231: PTBUserWarning: If 'per_message=False', 'CallbackQueryHandler' will not be tracked for every message. Read this FAQ entry to learn more about the per_* settings: https://github.com/python-telegram-bot/python-telegram-bot/wiki/Frequently-Asked-Questions#what-do-the-per_-settings-in-conversationhandler-do.
2026-09-27 05:26:39,217 - root - ERROR -   contact_owner_conv = ConversationHandler(
2026-09-27 05:26:39,217 - root - ERROR - /home/paraworld/teleform/main.py:250: PTBUserWarning: If 'per_message=False', 'CallbackQueryHandler' will not be tracked for every message. Read this FAQ entry to learn more about the per_* settings: https://github.com/python-telegram-bot/python-telegram-bot/wiki/Frequently-Asked-Questions#what-do-the-per_-settings-in-conversationhandler-do.
2026-09-27 05:26:39,217 - root - ERROR -   owner_reply_conv = ConversationHandler(
2026-09-27 05:26:39,218 - root - ERROR - /home/paraworld/teleform/main.py:266: PTBUserWarning: If 'per_message=False', 'CallbackQueryHandler' will not be tracked for every message. Read this FAQ entry to learn more about the per_* settings: https://github.com/python-telegram-bot/python-telegram-bot/wiki/Frequently-Asked-Questions#what-do-the-per_-settings-in-conversationhandler-do.
2026-09-27 05:26:39,218 - root - ERROR -   add_staff_conv = ConversationHandler(
2026-09-27 05:26:39,218 - root - ERROR - /home/paraworld/teleform/main.py:285: PTBUserWarning: If 'per_message=False', 'CallbackQueryHandler' will not be tracked for every message. Read this FAQ entry to learn more about the per_* settings: https://github.com/python-telegram-bot/python-telegram-bot/wiki/Frequently-Asked-Questions#what-do-the-per_-settings-in-conversationhandler-do.
2026-09-27 05:26:39,219 - root - ERROR -   remove_staff_conv = ConversationHandler(
2026-09-27 05:26:39,219 - root - ERROR - /home/paraworld/teleform/main.py:304: PTBUserWarning: If 'per_message=False', 'CallbackQueryHandler' will not be tracked for every message. Read this FAQ entry to learn more about the per_* settings: https://github.com/python-telegram-bot/python-telegram-bot/wiki/Frequently-Asked-Questions#what-do-the-per_-settings-in-conversationhandler-do.
2026-09-27 05:26:39,219 - root - ERROR -   add_admin_conv = ConversationHandler(
2026-09-27 05:26:39,219 - root - ERROR - /home/paraworld/teleform/main.py:320: PTBUserWarning: If 'per_message=False', 'CallbackQueryHandler' will not be tracked for every message. Read this FAQ entry to learn more about the per_* settings: https://github.com/python-telegram-bot/python-telegram-bot/wiki/Frequently-Asked-Questions#what-do-the-per_-settings-in-conversationhandler-do.
2026-09-27 05:26:39,220 - root - ERROR -   remove_admin_conv = ConversationHandler(
2026-09-27 05:26:39,220 - root - ERROR - /home/paraworld/teleform/main.py:339: PTBUserWarning: If 'per_message=False', 'CallbackQueryHandler' will not be tracked for every message. Read this FAQ entry to learn more about the per_* settings: https://github.com/python-telegram-bot/python-telegram-bot/wiki/Frequently-Asked-Questions#what-do-the-per_-settings-in-conversationhandler-do.
2026-09-27 05:26:39,220 - root - ERROR -   add_vip_conv = ConversationHandler(
2026-09-27 05:26:39,220 - root - ERROR - /home/paraworld/teleform/main.py:359: PTBUserWarning: If 'per_message=False', 'CallbackQueryHandler' will not be tracked for every message. Read this FAQ entry to learn more about the per_* settings: https://github.com/python-telegram-bot/python-telegram-bot/wiki/Frequently-Asked-Questions#what-do-the-per_-settings-in-conversationhandler-do.
2026-09-27 05:26:39,221 - root - ERROR -   remove_vip_conv = ConversationHandler(
2026-09-27 05:26:39,226 - apscheduler.scheduler - INFO - Adding job tentatively -- it will be properly scheduled when the scheduler starts
2026-09-27 05:26:39,226 - apscheduler.scheduler - INFO - Adding job tentatively -- it will be properly scheduled when the scheduler starts
2026-09-27 05:26:39,226 - apscheduler.scheduler - INFO - Adding job tentatively -- it will be properly scheduled when the scheduler starts
2026-09-27 05:26:39,227 - apscheduler.scheduler - INFO - Adding job tentatively -- it will be properly scheduled when the scheduler starts
2026-09-27 05:26:39,227 - apscheduler.scheduler - INFO - Adding job tentatively -- it will be properly scheduled when the scheduler starts
2026-09-27 05:26:39,227 - apscheduler.scheduler - INFO - Adding job tentatively -- it will be properly scheduled when the scheduler starts
2026-09-27 05:26:39,228 - main - INFO - ⏰ Tâches JobQueue configurées et actives.
2026-09-27 05:26:39,276 - httpx - INFO - HTTP Request: POST https://api.telegram.org/bot7580250572:AAHmXuKZGap_jrmDRcgPIK3DhOq1mQ2eb9c/getMe "HTTP/1.1 200 OK"
2026-09-27 05:26:39,277 - apscheduler.scheduler - INFO - Added job "check_and_send_admin_reminders" to job store "default"
2026-09-27 05:26:39,278 - apscheduler.scheduler - INFO - Added job "check_and_auto_archive_demandes" to job store "default"
2026-09-27 05:26:39,278 - apscheduler.scheduler - INFO - Added job "check_and_send_delivery_reminders" to job store "default"
2026-09-27 05:26:39,278 - apscheduler.scheduler - INFO - Added job "check_and_send_paid_delivery_reminders" to job store "default"
2026-09-27 05:26:39,278 - apscheduler.scheduler - INFO - Added job "check_and_send_unpaid_demande_reminders" to job store "default"
2026-09-27 05:26:39,279 - apscheduler.scheduler - INFO - Added job "check_and_auto_abandon_expired_remun_demandes" to job store "default"
2026-09-27 05:26:39,279 - apscheduler.scheduler - INFO - Scheduler started
2026-09-27 05:26:39,279 - telegram.ext.Application - INFO - Application started
2026-09-27 05:26:39,279 - webhook_app - INFO - ✅ Bot Telegram opérationnel dans le worker PID 2
2026-09-27 05:26:39,280 - webhook_app - INFO - 📩 Update reçue : ID=816746721, type=/start
2026-09-27 05:26:39,285 - handlers.user_handlers - INFO - 🚀 Exécution de /start pour user_id=1340055152 (Tom)
2026-09-27 05:26:39,443 - httpx - INFO - HTTP Request: POST https://api.telegram.org/bot7580250572:AAHmXuKZGap_jrmDRcgPIK3DhOq1mQ2eb9c/sendMessage "HTTP/1.1 200 OK"
2026-09-27 05:26:39,444 - handlers.user_handlers - INFO - ✅ Message de bienvenue envoyé avec succès à 1340055152
2026-09-27 05:26:39,445 - webhook_app - INFO - ✅ Update 816746721 traitée avec succès.
2026-09-27 05:26:41,215 - webhook_app - INFO - 📩 Update reçue : ID=816746722, type=autre
2026-09-27 05:26:41,355 - httpx - INFO - HTTP Request: POST https://api.telegram.org/bot7580250572:AAHmXuKZGap_jrmDRcgPIK3DhOq1mQ2eb9c/answerCallbackQuery "HTTP/1.1 200 OK"
2026-09-27 05:26:41,505 - httpx - INFO - HTTP Request: POST https://api.telegram.org/bot7580250572:AAHmXuKZGap_jrmDRcgPIK3DhOq1mQ2eb9c/editMessageText "HTTP/1.1 200 OK"
2026-09-27 05:26:41,506 - webhook_app - INFO - ✅ Update 816746722 traitée avec succès.
2026-09-27 05:26:43,489 - webhook_app - INFO - 📩 Update reçue : ID=816746723, type=autre
2026-09-27 05:26:43,628 - httpx - INFO - HTTP Request: POST https://api.telegram.org/bot7580250572:AAHmXuKZGap_jrmDRcgPIK3DhOq1mQ2eb9c/answerCallbackQuery "HTTP/1.1 200 OK"
2026-09-27 05:26:43,775 - httpx - INFO - HTTP Request: POST https://api.telegram.org/bot7580250572:AAHmXuKZGap_jrmDRcgPIK3DhOq1mQ2eb9c/editMessageText "HTTP/1.1 200 OK"
2026-09-27 05:26:43,777 - webhook_app - INFO - ✅ Update 816746723 traitée avec succès.
2026-09-27 05:26:45,272 - webhook_app - INFO - 📩 Update reçue : ID=816746724, type=autre
2026-09-27 05:26:45,410 - httpx - INFO - HTTP Request: POST https://api.telegram.org/bot7580250572:AAHmXuKZGap_jrmDRcgPIK3DhOq1mQ2eb9c/answerCallbackQuery "HTTP/1.1 200 OK"
2026-09-27 05:26:45,568 - httpx - INFO - HTTP Request: POST https://api.telegram.org/bot7580250572:AAHmXuKZGap_jrmDRcgPIK3DhOq1mQ2eb9c/editMessageText "HTTP/1.1 200 OK"
2026-09-27 05:26:45,569 - webhook_app - INFO - ✅ Update 816746724 traitée avec succès.
2026-09-27 05:26:47,219 - webhook_app - INFO - 📩 Update reçue : ID=816746725, type=autre
2026-09-27 05:26:47,358 - httpx - INFO - HTTP Request: POST https://api.telegram.org/bot7580250572:AAHmXuKZGap_jrmDRcgPIK3DhOq1mQ2eb9c/answerCallbackQuery "HTTP/1.1 200 OK"
2026-09-27 05:26:47,506 - httpx - INFO - HTTP Request: POST https://api.telegram.org/bot7580250572:AAHmXuKZGap_jrmDRcgPIK3DhOq1mQ2eb9c/editMessageText "HTTP/1.1 200 OK"
2026-09-27 05:26:47,507 - webhook_app - INFO - ✅ Update 816746725 traitée avec succès.
2026-09-27 05:26:53,106 - webhook_app - INFO - 📩 Update reçue : ID=816746726, type=autre
2026-09-27 05:26:53,256 - httpx - INFO - HTTP Request: POST https://api.telegram.org/bot7580250572:AAHmXuKZGap_jrmDRcgPIK3DhOq1mQ2eb9c/answerCallbackQuery "HTTP/1.1 200 OK"
2026-09-27 05:26:53,399 - httpx - INFO - HTTP Request: POST https://api.telegram.org/bot7580250572:AAHmXuKZGap_jrmDRcgPIK3DhOq1mQ2eb9c/editMessageText "HTTP/1.1 200 OK"
2026-09-27 05:26:53,400 - webhook_app - INFO - ✅ Update 816746726 traitée avec succès.
2026-09-27 05:26:54,226 - apscheduler.executors.default - INFO - Running job "check_and_send_admin_reminders (trigger: interval[1:00:00], next run at: 2026-09-27 04:26:54 UTC)" (scheduled at 2026-09-27 03:26:54.224469+00:00)
2026-09-27 05:26:54,254 - apscheduler.executors.default - INFO - Job "check_and_send_admin_reminders (trigger: interval[1:00:00], next run at: 2026-09-27 04:26:54 UTC)" executed successfully
2026-09-27 05:26:54,873 - webhook_app - INFO - 📩 Update reçue : ID=816746727, type=autre
2026-09-27 05:26:55,055 - httpx - INFO - HTTP Request: POST https://api.telegram.org/bot7580250572:AAHmXuKZGap_jrmDRcgPIK3DhOq1mQ2eb9c/answerCallbackQuery "HTTP/1.1 200 OK"
2026-09-27 05:26:55,220 - httpx - INFO - HTTP Request: POST https://api.telegram.org/bot7580250572:AAHmXuKZGap_jrmDRcgPIK3DhOq1mQ2eb9c/editMessageText "HTTP/1.1 200 OK"
2026-09-27 05:26:55,221 - webhook_app - INFO - ✅ Update 816746727 traitée avec succès.
2026-09-27 05:26:56,587 - webhook_app - INFO - 📩 Update reçue : ID=816746728, type=autre
2026-09-27 05:26:56,725 - httpx - INFO - HTTP Request: POST https://api.telegram.org/bot7580250572:AAHmXuKZGap_jrmDRcgPIK3DhOq1mQ2eb9c/answerCallbackQuery "HTTP/1.1 200 OK"
2026-09-27 05:26:56,874 - httpx - INFO - HTTP Request: POST https://api.telegram.org/bot7580250572:AAHmXuKZGap_jrmDRcgPIK3DhOq1mQ2eb9c/editMessageText "HTTP/1.1 200 OK"
2026-09-27 05:26:56,876 - webhook_app - INFO - ✅ Update 816746728 traitée avec succès.
2026-09-27 05:26:57,655 - webhook_app - INFO - 📩 Update reçue : ID=816746729, type=autre
2026-09-27 05:26:57,814 - httpx - INFO - HTTP Request: POST https://api.telegram.org/bot7580250572:AAHmXuKZGap_jrmDRcgPIK3DhOq1mQ2eb9c/answerCallbackQuery "HTTP/1.1 200 OK"
2026-09-27 05:26:57,956 - httpx - INFO - HTTP Request: POST https://api.telegram.org/bot7580250572:AAHmXuKZGap_jrmDRcgPIK3DhOq1mQ2eb9c/editMessageText "HTTP/1.1 200 OK"
2026-09-27 05:26:57,958 - webhook_app - INFO - ✅ Update 816746729 traitée avec succès.
2026-09-27 05:27:00,742 - webhook_app - INFO - 📩 Update reçue : ID=816746730, type=/start
2026-09-27 05:27:00,743 - handlers.user_handlers - INFO - 🚀 Exécution de /start pour user_id=1340055152 (Tom)
2026-09-27 05:27:00,893 - httpx - INFO - HTTP Request: POST https://api.telegram.org/bot7580250572:AAHmXuKZGap_jrmDRcgPIK3DhOq1mQ2eb9c/sendMessage "HTTP/1.1 200 OK"
2026-09-27 05:27:00,895 - handlers.user_handlers - INFO - ✅ Message de bienvenue envoyé avec succès à 1340055152
2026-09-27 05:27:00,895 - webhook_app - INFO - ✅ Update 816746730 traitée avec succès.
2026-09-27 05:27:02,675 - webhook_app - INFO - 📩 Update reçue : ID=816746731, type=autre
2026-09-27 05:27:02,811 - httpx - INFO - HTTP Request: POST https://api.telegram.org/bot7580250572:AAHmXuKZGap_jrmDRcgPIK3DhOq1mQ2eb9c/answerCallbackQuery "HTTP/1.1 200 OK"
2026-09-27 05:27:02,974 - httpx - INFO - HTTP Request: POST https://api.telegram.org/bot7580250572:AAHmXuKZGap_jrmDRcgPIK3DhOq1mQ2eb9c/editMessageText "HTTP/1.1 200 OK"
2026-09-27 05:27:02,975 - webhook_app - INFO - ✅ Update 816746731 traitée avec succès.
2026-09-27 05:27:04,092 - webhook_app - INFO - 📩 Update reçue : ID=816746732, type=autre
2026-09-27 05:27:04,223 - httpx - INFO - HTTP Request: POST https://api.telegram.org/bot7580250572:AAHmXuKZGap_jrmDRcgPIK3DhOq1mQ2eb9c/answerCallbackQuery "HTTP/1.1 200 OK"
2026-09-27 05:27:04,364 - httpx - INFO - HTTP Request: POST https://api.telegram.org/bot7580250572:AAHmXuKZGap_jrmDRcgPIK3DhOq1mQ2eb9c/deleteMessage "HTTP/1.1 200 OK"
2026-09-27 05:27:04,512 - httpx - INFO - HTTP Request: POST https://api.telegram.org/bot7580250572:AAHmXuKZGap_jrmDRcgPIK3DhOq1mQ2eb9c/sendPhoto "HTTP/1.1 200 OK"
2026-09-27 05:27:04,513 - webhook_app - INFO - ✅ Update 816746732 traitée avec succès.
2026-09-27 05:27:09,231 - apscheduler.executors.default - INFO - Running job "check_and_auto_archive_demandes (trigger: interval[1:00:00], next run at: 2026-09-27 04:27:09 UTC)" (scheduled at 2026-09-27 03:27:09.226411+00:00)
2026-09-27 05:27:09,239 - apscheduler.executors.default - INFO - Job "check_and_auto_archive_demandes (trigger: interval[1:00:00], next run at: 2026-09-27 04:27:09 UTC)" executed successfully
2026-09-27 05:27:11,878 - webhook_app - INFO - 📩 Update reçue : ID=816746733, type=autre
2026-09-27 05:27:12,038 - httpx - INFO - HTTP Request: POST https://api.telegram.org/bot7580250572:AAHmXuKZGap_jrmDRcgPIK3DhOq1mQ2eb9c/answerCallbackQuery "HTTP/1.1 200 OK"
2026-09-27 05:27:12,171 - httpx - INFO - HTTP Request: POST https://api.telegram.org/bot7580250572:AAHmXuKZGap_jrmDRcgPIK3DhOq1mQ2eb9c/deleteMessage "HTTP/1.1 200 OK"
2026-09-27 05:27:12,313 - httpx - INFO - HTTP Request: POST https://api.telegram.org/bot7580250572:AAHmXuKZGap_jrmDRcgPIK3DhOq1mQ2eb9c/sendMessage "HTTP/1.1 200 OK"
2026-09-27 05:27:12,314 - webhook_app - INFO - ✅ Update 816746733 traitée avec succès.
2026-09-27 05:27:24,239 - apscheduler.executors.default - INFO - Running job "check_and_send_delivery_reminders (trigger: interval[6:00:00], next run at: 2026-09-27 09:27:24 UTC)" (scheduled at 2026-09-27 03:27:24.226711+00:00)
2026-09-27 05:27:24,250 - apscheduler.executors.default - INFO - Job "check_and_send_delivery_reminders (trigger: interval[6:00:00], next run at: 2026-09-27 09:27:24 UTC)" executed successfully
2026-09-27 05:27:39,242 - apscheduler.executors.default - INFO - Running job "check_and_send_paid_delivery_reminders (trigger: interval[1 day, 0:00:00], next run at: 2026-09-28 03:27:39 UTC)" (scheduled at 2026-09-27 03:27:39.227024+00:00)
2026-09-27 05:27:39,247 - apscheduler.executors.default - INFO - Job "check_and_send_paid_delivery_reminders (trigger: interval[1 day, 0:00:00], next run at: 2026-09-28 03:27:39 UTC)" executed successfully
2026-09-27 05:27:54,243 - apscheduler.executors.default - INFO - Running job "check_and_send_unpaid_demande_reminders (trigger: interval[6:00:00], next run at: 2026-09-27 09:27:54 UTC)" (scheduled at 2026-09-27 03:27:54.227295+00:00)
2026-09-27 05:27:54,251 - apscheduler.executors.default - INFO - Job "check_and_send_unpaid_demande_reminders (trigger: interval[6:00:00], next run at: 2026-09-27 09:27:54 UTC)" executed successfully
2026-09-27 05:28:09,243 - apscheduler.executors.default - INFO - Running job "check_and_auto_abandon_expired_remun_demandes (trigger: interval[6:00:00], next run at: 2026-09-27 09:28:09 UTC)" (scheduled at 2026-09-27 03:28:09.227622+00:00)
2026-09-27 05:28:09,251 - apscheduler.executors.default - INFO - Job "check_and_auto_abandon_expired_remun_demandes (trigger: interval[6:00:00], next run at: 2026-09-27 09:28:09 UTC)" executed successfully
2026-09-27 05:33:06,449 - config - INFO - Toutes les variables d'environnement requises sont présentes
2026-09-27 06:01:00,649 - webhook_app - INFO - ⚡ Initialisation post-fork du Bot et de l'Event Loop (PID: 2)
2026-09-27 06:01:00,653 - config - INFO - Toutes les variables d'environnement requises sont présentes
2026-09-27 06:01:01,000 - database.connection - INFO - Pool MySQL établi sur paraworld.mysql.eu.pythonanywhere-services.com (base : paraworld$telegramDB) [PID: 2]
2026-09-27 06:01:01,000 - database.connection - INFO - ConnectionManager initialisé avec pool de 2 connexions.
2026-09-27 06:01:01,212 - database.schema - INFO - Vérification et création des tables terminées avec succès.
2026-09-27 06:01:01,216 - config - INFO - Cache rôles chargé : 2 owners, 3 admins (managers) et 1 staff (opérateurs)
2026-09-27 06:01:01,218 - handlers.user.compte - INFO - CompteManager initialisé avec support réglages VIP
2026-09-27 06:01:01,218 - handlers.user.navigation - INFO - NavigationManager initialisé avec support Orientation & Staff
2026-09-27 06:01:01,218 - handlers.user.formulaire - INFO - FormulaireManager initialisé avec support VIP Assignée & Auto-Assign
2026-09-27 06:01:01,219 - handlers.user.demande - INFO - DemandeManager initialisé avec charte graphique unifiée et support RBAC
2026-09-27 06:01:01,219 - handlers.user.edition - INFO - EditionManager initialisé avec support du prix plancher prioritaire et requêtes précompilées
2026-09-27 06:01:01,219 - handlers.staff.suivi - INFO - SuiviManager initialisé avec charte graphique unifiée, confirmation de paiement et surveillance
2026-09-27 06:01:01,220 - handlers.staff.notifs - INFO - NotifsManager initialisé avec support Staff/Admin, Surveillance & Paiement Prio
2026-09-27 06:01:01,220 - handlers.staff.statuts - INFO - StatutsManager initialisé avec support Staff/Admin, Surveillance et Dénouement Période d'essai
2026-09-27 06:01:01,220 - handlers.staff.photos - INFO - PhotosManager initialisé avec supervision hiérarchique
2026-09-27 06:01:01,220 - handlers.staff.notifs - INFO - NotifsManager initialisé avec support Staff/Admin, Surveillance & Paiement Prio
2026-09-27 06:01:01,221 - handlers.staff.dispo - INFO - DispoManager initialisé avec disposition conforme et indicateur de rémunération
2026-09-27 06:01:01,221 - handlers.staff.alias - INFO - AliasManager initialisé avec support Staff/Admin
2026-09-27 06:01:01,221 - handlers.staff.notifs - INFO - NotifsManager initialisé avec support Staff/Admin, Surveillance & Paiement Prio
2026-09-27 06:01:01,221 - handlers.staff.contact - INFO - ContactManager initialisé avec support Multi-Owner
2026-09-27 06:01:01,222 - handlers.staff.profils - INFO - ProfilsManager initialisé avec supervision hiérarchique et contrôle des bannissements
2026-09-27 06:01:01,222 - handlers.staff.archives - INFO - ArchivesManager initialisé avec support double vue (personnelle & générale)
2026-09-27 06:01:01,222 - handlers.staff.alias - INFO - AliasManager initialisé avec support Staff/Admin
2026-09-27 06:01:01,222 - handlers.staff.archives - INFO - ArchivesManager initialisé avec support double vue (personnelle & générale)
2026-09-27 06:01:01,223 - handlers.admin.config - INFO - ConfigManager initialisé avec support Délais, Quotas, Rappels & Rémunération
2026-09-27 06:01:01,223 - handlers.admin.stats - INFO - StatsManager initialisé avec support RBAC
2026-09-27 06:01:01,223 - handlers.admin.bot - INFO - BotManager initialisé avec support Multi-Owner
2026-09-27 06:01:01,223 - handlers.admin.staff - INFO - StaffManager initialisé avec pré-configuration avant validation
2026-09-27 06:01:01,224 - handlers.admin_handlers - INFO - AdminHandlers initialisé avec architecture allégée (Purge, Membres, VIPs isolés).
2026-09-27 06:01:01,483 - root - ERROR - /home/paraworld/teleform/handlers/user/formulaire.py:72: PTBUserWarning: If 'per_message=False', 'CallbackQueryHandler' will not be tracked for every message. Read this FAQ entry to learn more about the per_* settings: https://github.com/python-telegram-bot/python-telegram-bot/wiki/Frequently-Asked-Questions#what-do-the-per_-settings-in-conversationhandler-do.
2026-09-27 06:01:01,484 - root - ERROR -   return ConversationHandler(
2026-09-27 06:01:01,486 - root - ERROR - /home/paraworld/teleform/main.py:215: PTBUserWarning: If 'per_message=False', 'CallbackQueryHandler' will not be tracked for every message. Read this FAQ entry to learn more about the per_* settings: https://github.com/python-telegram-bot/python-telegram-bot/wiki/Frequently-Asked-Questions#what-do-the-per_-settings-in-conversationhandler-do.
2026-09-27 06:01:01,486 - root - ERROR -   modify_alias_conv = ConversationHandler(
2026-09-27 06:01:01,487 - root - ERROR - /home/paraworld/teleform/main.py:231: PTBUserWarning: If 'per_message=False', 'CallbackQueryHandler' will not be tracked for every message. Read this FAQ entry to learn more about the per_* settings: https://github.com/python-telegram-bot/python-telegram-bot/wiki/Frequently-Asked-Questions#what-do-the-per_-settings-in-conversationhandler-do.
2026-09-27 06:01:01,487 - root - ERROR -   contact_owner_conv = ConversationHandler(
2026-09-27 06:01:01,487 - root - ERROR - /home/paraworld/teleform/main.py:250: PTBUserWarning: If 'per_message=False', 'CallbackQueryHandler' will not be tracked for every message. Read this FAQ entry to learn more about the per_* settings: https://github.com/python-telegram-bot/python-telegram-bot/wiki/Frequently-Asked-Questions#what-do-the-per_-settings-in-conversationhandler-do.
2026-09-27 06:01:01,487 - root - ERROR -   owner_reply_conv = ConversationHandler(
2026-09-27 06:01:01,488 - root - ERROR - /home/paraworld/teleform/main.py:266: PTBUserWarning: If 'per_message=False', 'CallbackQueryHandler' will not be tracked for every message. Read this FAQ entry to learn more about the per_* settings: https://github.com/python-telegram-bot/python-telegram-bot/wiki/Frequently-Asked-Questions#what-do-the-per_-settings-in-conversationhandler-do.
2026-09-27 06:01:01,488 - root - ERROR -   add_staff_conv = ConversationHandler(
2026-09-27 06:01:01,488 - root - ERROR - /home/paraworld/teleform/main.py:285: PTBUserWarning: If 'per_message=False', 'CallbackQueryHandler' will not be tracked for every message. Read this FAQ entry to learn more about the per_* settings: https://github.com/python-telegram-bot/python-telegram-bot/wiki/Frequently-Asked-Questions#what-do-the-per_-settings-in-conversationhandler-do.
2026-09-27 06:01:01,488 - root - ERROR -   remove_staff_conv = ConversationHandler(
2026-09-27 06:01:01,489 - root - ERROR - /home/paraworld/teleform/main.py:304: PTBUserWarning: If 'per_message=False', 'CallbackQueryHandler' will not be tracked for every message. Read this FAQ entry to learn more about the per_* settings: https://github.com/python-telegram-bot/python-telegram-bot/wiki/Frequently-Asked-Questions#what-do-the-per_-settings-in-conversationhandler-do.
2026-09-27 06:01:01,489 - root - ERROR -   add_admin_conv = ConversationHandler(
2026-09-27 06:01:01,490 - root - ERROR - /home/paraworld/teleform/main.py:320: PTBUserWarning: If 'per_message=False', 'CallbackQueryHandler' will not be tracked for every message. Read this FAQ entry to learn more about the per_* settings: https://github.com/python-telegram-bot/python-telegram-bot/wiki/Frequently-Asked-Questions#what-do-the-per_-settings-in-conversationhandler-do.
2026-09-27 06:01:01,490 - root - ERROR -   remove_admin_conv = ConversationHandler(
2026-09-27 06:01:01,490 - root - ERROR - /home/paraworld/teleform/main.py:339: PTBUserWarning: If 'per_message=False', 'CallbackQueryHandler' will not be tracked for every message. Read this FAQ entry to learn more about the per_* settings: https://github.com/python-telegram-bot/python-telegram-bot/wiki/Frequently-Asked-Questions#what-do-the-per_-settings-in-conversationhandler-do.
2026-09-27 06:01:01,490 - root - ERROR -   add_vip_conv = ConversationHandler(
2026-09-27 06:01:01,491 - root - ERROR - /home/paraworld/teleform/main.py:359: PTBUserWarning: If 'per_message=False', 'CallbackQueryHandler' will not be tracked for every message. Read this FAQ entry to learn more about the per_* settings: https://github.com/python-telegram-bot/python-telegram-bot/wiki/Frequently-Asked-Questions#what-do-the-per_-settings-in-conversationhandler-do.
2026-09-27 06:01:01,491 - root - ERROR -   remove_vip_conv = ConversationHandler(
2026-09-27 06:01:01,498 - apscheduler.scheduler - INFO - Adding job tentatively -- it will be properly scheduled when the scheduler starts
2026-09-27 06:01:01,498 - apscheduler.scheduler - INFO - Adding job tentatively -- it will be properly scheduled when the scheduler starts
2026-09-27 06:01:01,499 - apscheduler.scheduler - INFO - Adding job tentatively -- it will be properly scheduled when the scheduler starts
2026-09-27 06:01:01,499 - apscheduler.scheduler - INFO - Adding job tentatively -- it will be properly scheduled when the scheduler starts
2026-09-27 06:01:01,499 - apscheduler.scheduler - INFO - Adding job tentatively -- it will be properly scheduled when the scheduler starts
2026-09-27 06:01:01,500 - apscheduler.scheduler - INFO - Adding job tentatively -- it will be properly scheduled when the scheduler starts
2026-09-27 06:01:01,500 - main - INFO - ⏰ Tâches JobQueue configurées et actives.
2026-09-27 06:01:01,563 - httpx - INFO - HTTP Request: POST https://api.telegram.org/bot7580250572:AAHmXuKZGap_jrmDRcgPIK3DhOq1mQ2eb9c/getMe "HTTP/1.1 200 OK"
2026-09-27 06:01:01,565 - apscheduler.scheduler - INFO - Added job "check_and_send_admin_reminders" to job store "default"
2026-09-27 06:01:01,565 - apscheduler.scheduler - INFO - Added job "check_and_auto_archive_demandes" to job store "default"
2026-09-27 06:01:01,566 - apscheduler.scheduler - INFO - Added job "check_and_send_delivery_reminders" to job store "default"
2026-09-27 06:01:01,566 - apscheduler.scheduler - INFO - Added job "check_and_send_paid_delivery_reminders" to job store "default"
2026-09-27 06:01:01,566 - apscheduler.scheduler - INFO - Added job "check_and_send_unpaid_demande_reminders" to job store "default"
2026-09-27 06:01:01,567 - apscheduler.scheduler - INFO - Added job "check_and_auto_abandon_expired_remun_demandes" to job store "default"
2026-09-27 06:01:01,567 - apscheduler.scheduler - INFO - Scheduler started
2026-09-27 06:01:01,567 - telegram.ext.Application - INFO - Application started
2026-09-27 06:01:01,568 - webhook_app - INFO - ✅ Bot Telegram opérationnel dans le worker PID 2
2026-09-27 06:01:01,569 - webhook_app - INFO - 🚀 Démarrage des tâches périodiques en arrière-plan...
2026-09-27 06:01:01,664 - webhook_app - INFO - 🏁 Fin de l'exécution des tâches périodiques.
2026-09-27 06:01:16,512 - apscheduler.executors.default - INFO - Running job "check_and_send_admin_reminders (trigger: interval[1:00:00], next run at: 2026-09-27 05:01:16 UTC)" (scheduled at 2026-09-27 04:01:16.496455+00:00)
2026-09-27 06:01:16,520 - apscheduler.executors.default - INFO - Job "check_and_send_admin_reminders (trigger: interval[1:00:00], next run at: 2026-09-27 05:01:16 UTC)" executed successfully
2026-09-27 06:01:31,514 - apscheduler.executors.default - INFO - Running job "check_and_auto_archive_demandes (trigger: interval[1:00:00], next run at: 2026-09-27 05:01:31 UTC)" (scheduled at 2026-09-27 04:01:31.498705+00:00)
2026-09-27 06:01:31,519 - apscheduler.executors.default - INFO - Job "check_and_auto_archive_demandes (trigger: interval[1:00:00], next run at: 2026-09-27 05:01:31 UTC)" executed successfully
2026-09-27 06:01:46,515 - apscheduler.executors.default - INFO - Running job "check_and_send_delivery_reminders (trigger: interval[6:00:00], next run at: 2026-09-27 10:01:46 UTC)" (scheduled at 2026-09-27 04:01:46.499066+00:00)
2026-09-27 06:01:46,520 - apscheduler.executors.default - INFO - Job "check_and_send_delivery_reminders (trigger: interval[6:00:00], next run at: 2026-09-27 10:01:46 UTC)" executed successfully
2026-09-27 06:02:01,519 - apscheduler.executors.default - INFO - Running job "check_and_send_paid_delivery_reminders (trigger: interval[1 day, 0:00:00], next run at: 2026-09-28 04:02:01 UTC)" (scheduled at 2026-09-27 04:02:01.499436+00:00)
2026-09-27 06:02:01,531 - apscheduler.executors.default - INFO - Job "check_and_send_paid_delivery_reminders (trigger: interval[1 day, 0:00:00], next run at: 2026-09-28 04:02:01 UTC)" executed successfully
2026-09-27 06:02:16,515 - apscheduler.executors.default - INFO - Running job "check_and_send_unpaid_demande_reminders (trigger: interval[6:00:00], next run at: 2026-09-27 10:02:16 UTC)" (scheduled at 2026-09-27 04:02:16.499799+00:00)
2026-09-27 06:02:16,522 - apscheduler.executors.default - INFO - Job "check_and_send_unpaid_demande_reminders (trigger: interval[6:00:00], next run at: 2026-09-27 10:02:16 UTC)" executed successfully
2026-09-27 06:02:31,515 - apscheduler.executors.default - INFO - Running job "check_and_auto_abandon_expired_remun_demandes (trigger: interval[6:00:00], next run at: 2026-09-27 10:02:31 UTC)" (scheduled at 2026-09-27 04:02:31.500254+00:00)
2026-09-27 06:02:31,522 - apscheduler.executors.default - INFO - Job "check_and_auto_abandon_expired_remun_demandes (trigger: interval[6:00:00], next run at: 2026-09-27 10:02:31 UTC)" executed successfully
2026-09-27 06:13:50,108 - webhook_app - INFO - 📩 Update reçue : ID=816746734, type=/start
2026-09-27 06:13:50,127 - handlers.user_handlers - INFO - 🚀 Exécution de /start pour user_id=1340055152 (Tom)
2026-09-27 06:13:50,344 - httpx - INFO - HTTP Request: POST https://api.telegram.org/bot7580250572:AAHmXuKZGap_jrmDRcgPIK3DhOq1mQ2eb9c/sendMessage "HTTP/1.1 200 OK"
2026-09-27 06:13:50,346 - handlers.user_handlers - INFO - ✅ Message de bienvenue envoyé avec succès à 1340055152
2026-09-27 06:13:50,346 - webhook_app - INFO - ✅ Update 816746734 traitée avec succès.
2026-09-27 06:13:52,943 - webhook_app - INFO - 📩 Update reçue : ID=816746735, type=autre
2026-09-27 06:13:53,081 - httpx - INFO - HTTP Request: POST https://api.telegram.org/bot7580250572:AAHmXuKZGap_jrmDRcgPIK3DhOq1mQ2eb9c/answerCallbackQuery "HTTP/1.1 200 OK"
2026-09-27 06:13:53,219 - httpx - INFO - HTTP Request: POST https://api.telegram.org/bot7580250572:AAHmXuKZGap_jrmDRcgPIK3DhOq1mQ2eb9c/editMessageText "HTTP/1.1 200 OK"
2026-09-27 06:13:53,221 - webhook_app - INFO - ✅ Update 816746735 traitée avec succès.
2026-09-27 06:13:54,304 - webhook_app - INFO - 📩 Update reçue : ID=816746736, type=autre
2026-09-27 06:13:54,436 - httpx - INFO - HTTP Request: POST https://api.telegram.org/bot7580250572:AAHmXuKZGap_jrmDRcgPIK3DhOq1mQ2eb9c/answerCallbackQuery "HTTP/1.1 200 OK"
2026-09-27 06:13:54,578 - httpx - INFO - HTTP Request: POST https://api.telegram.org/bot7580250572:AAHmXuKZGap_jrmDRcgPIK3DhOq1mQ2eb9c/editMessageText "HTTP/1.1 200 OK"
2026-09-27 06:13:54,580 - webhook_app - INFO - ✅ Update 816746736 traitée avec succès.
2026-09-27 06:13:55,602 - webhook_app - INFO - 📩 Update reçue : ID=816746737, type=autre
2026-09-27 06:13:55,739 - httpx - INFO - HTTP Request: POST https://api.telegram.org/bot7580250572:AAHmXuKZGap_jrmDRcgPIK3DhOq1mQ2eb9c/answerCallbackQuery "HTTP/1.1 200 OK"
2026-09-27 06:13:55,880 - httpx - INFO - HTTP Request: POST https://api.telegram.org/bot7580250572:AAHmXuKZGap_jrmDRcgPIK3DhOq1mQ2eb9c/editMessageText "HTTP/1.1 200 OK"
2026-09-27 06:13:55,881 - webhook_app - INFO - ✅ Update 816746737 traitée avec succès.
2026-09-27 07:01:01,771 - webhook_app - INFO - 🚀 Démarrage des tâches périodiques en arrière-plan...
2026-09-27 07:01:01,927 - webhook_app - INFO - 🏁 Fin de l'exécution des tâches périodiques.
2026-09-27 07:01:16,511 - apscheduler.executors.default - INFO - Running job "check_and_send_admin_reminders (trigger: interval[1:00:00], next run at: 2026-09-27 06:01:16 UTC)" (scheduled at 2026-09-27 05:01:16.496455+00:00)
2026-09-27 07:01:16,516 - apscheduler.executors.default - INFO - Job "check_and_send_admin_reminders (trigger: interval[1:00:00], next run at: 2026-09-27 06:01:16 UTC)" executed successfully
2026-09-27 07:01:31,515 - apscheduler.executors.default - INFO - Running job "check_and_auto_archive_demandes (trigger: interval[1:00:00], next run at: 2026-09-27 06:01:31 UTC)" (scheduled at 2026-09-27 05:01:31.498705+00:00)
2026-09-27 07:01:31,520 - apscheduler.executors.default - INFO - Job "check_and_auto_archive_demandes (trigger: interval[1:00:00], next run at: 2026-09-27 06:01:31 UTC)" executed successfully
2026-09-27 08:01:04,667 - webhook_app - INFO - 🚀 Démarrage des tâches périodiques en arrière-plan...
2026-09-27 08:01:04,865 - webhook_app - INFO - 🏁 Fin de l'exécution des tâches périodiques.
2026-09-27 08:01:16,508 - apscheduler.executors.default - INFO - Running job "check_and_send_admin_reminders (trigger: interval[1:00:00], next run at: 2026-09-27 07:01:16 UTC)" (scheduled at 2026-09-27 06:01:16.496455+00:00)
2026-09-27 08:01:16,518 - apscheduler.executors.default - INFO - Job "check_and_send_admin_reminders (trigger: interval[1:00:00], next run at: 2026-09-27 07:01:16 UTC)" executed successfully
2026-09-27 08:01:31,514 - apscheduler.executors.default - INFO - Running job "check_and_auto_archive_demandes (trigger: interval[1:00:00], next run at: 2026-09-27 07:01:31 UTC)" (scheduled at 2026-09-27 06:01:31.498705+00:00)
2026-09-27 08:01:31,519 - apscheduler.executors.default - INFO - Job "check_and_auto_archive_demandes (trigger: interval[1:00:00], next run at: 2026-09-27 07:01:31 UTC)" executed successfully
2026-09-27 08:25:53,385 - webhook_app - INFO - 📩 Update reçue : ID=816746738, type=autre
2026-09-27 08:25:53,386 - webhook_app - INFO - ✅ Update 816746738 traitée avec succès.
2026-09-27 09:01:02,377 - webhook_app - INFO - 🚀 Démarrage des tâches périodiques en arrière-plan...
2026-09-27 09:01:02,535 - webhook_app - INFO - 🏁 Fin de l'exécution des tâches périodiques.
2026-09-27 09:01:16,511 - apscheduler.executors.default - INFO - Running job "check_and_send_admin_reminders (trigger: interval[1:00:00], next run at: 2026-09-27 08:01:16 UTC)" (scheduled at 2026-09-27 07:01:16.496455+00:00)
2026-09-27 09:01:16,570 - apscheduler.executors.default - INFO - Job "check_and_send_admin_reminders (trigger: interval[1:00:00], next run at: 2026-09-27 08:01:16 UTC)" executed successfully
2026-09-27 09:01:31,513 - apscheduler.executors.default - INFO - Running job "check_and_auto_archive_demandes (trigger: interval[1:00:00], next run at: 2026-09-27 08:01:31 UTC)" (scheduled at 2026-09-27 07:01:31.498705+00:00)
2026-09-27 09:01:31,592 - apscheduler.executors.default - INFO - Job "check_and_auto_archive_demandes (trigger: interval[1:00:00], next run at: 2026-09-27 08:01:31 UTC)" executed successfully
2026-09-27 09:35:54,059 - webhook_app - INFO - 📩 Update reçue : ID=816746739, type=autre
2026-09-27 09:35:54,061 - webhook_app - INFO - ✅ Update 816746739 traitée avec succès.
2026-09-27 09:49:16,365 - webhook_app - INFO - 📩 Update reçue : ID=816746740, type=autre
2026-09-27 09:49:16,369 - webhook_app - INFO - ✅ Update 816746740 traitée avec succès.
2026-09-27 09:49:58,246 - webhook_app - INFO - 📩 Update reçue : ID=816746741, type=autre
2026-09-27 09:49:58,247 - webhook_app - INFO - ✅ Update 816746741 traitée avec succès.
2026-09-27 09:50:31,364 - webhook_app - INFO - 📩 Update reçue : ID=816746742, type=autre
2026-09-27 09:50:31,365 - webhook_app - INFO - ✅ Update 816746742 traitée avec succès.
2026-09-27 10:00:59,641 - webhook_app - INFO - 🚀 Démarrage des tâches périodiques en arrière-plan...
2026-09-27 10:00:59,766 - webhook_app - INFO - 🏁 Fin de l'exécution des tâches périodiques.
2026-09-27 10:01:16,513 - apscheduler.executors.default - INFO - Running job "check_and_send_admin_reminders (trigger: interval[1:00:00], next run at: 2026-09-27 09:01:16 UTC)" (scheduled at 2026-09-27 08:01:16.496455+00:00)
2026-09-27 10:01:16,519 - apscheduler.executors.default - INFO - Job "check_and_send_admin_reminders (trigger: interval[1:00:00], next run at: 2026-09-27 09:01:16 UTC)" executed successfully
2026-09-27 10:01:31,516 - apscheduler.executors.default - INFO - Running job "check_and_auto_archive_demandes (trigger: interval[1:00:00], next run at: 2026-09-27 09:01:31 UTC)" (scheduled at 2026-09-27 08:01:31.498705+00:00)
2026-09-27 10:01:31,523 - apscheduler.executors.default - INFO - Job "check_and_auto_archive_demandes (trigger: interval[1:00:00], next run at: 2026-09-27 09:01:31 UTC)" executed successfully
2026-09-27 10:49:41,463 - webhook_app - INFO - 📩 Update reçue : ID=816746743, type=autre
2026-09-27 10:49:41,466 - webhook_app - INFO - ✅ Update 816746743 traitée avec succès.
2026-09-27 10:59:16,404 - webhook_app - INFO - 📩 Update reçue : ID=816746744, type=autre
2026-09-27 10:59:16,405 - webhook_app - INFO - ✅ Update 816746744 traitée avec succès.
2026-09-27 11:01:01,959 - webhook_app - INFO - 🚀 Démarrage des tâches périodiques en arrière-plan...
2026-09-27 11:01:02,117 - webhook_app - INFO - 🏁 Fin de l'exécution des tâches périodiques.
2026-09-27 11:01:16,511 - apscheduler.executors.default - INFO - Running job "check_and_send_admin_reminders (trigger: interval[1:00:00], next run at: 2026-09-27 10:01:16 UTC)" (scheduled at 2026-09-27 09:01:16.496455+00:00)
2026-09-27 11:01:16,516 - apscheduler.executors.default - INFO - Job "check_and_send_admin_reminders (trigger: interval[1:00:00], next run at: 2026-09-27 10:01:16 UTC)" executed successfully
2026-09-27 11:01:31,515 - apscheduler.executors.default - INFO - Running job "check_and_auto_archive_demandes (trigger: interval[1:00:00], next run at: 2026-09-27 10:01:31 UTC)" (scheduled at 2026-09-27 09:01:31.498705+00:00)
2026-09-27 11:01:31,519 - apscheduler.executors.default - INFO - Job "check_and_auto_archive_demandes (trigger: interval[1:00:00], next run at: 2026-09-27 10:01:31 UTC)" executed successfully
2026-09-27 12:01:04,099 - webhook_app - INFO - 🚀 Démarrage des tâches périodiques en arrière-plan...
2026-09-27 12:01:04,233 - webhook_app - INFO - 🏁 Fin de l'exécution des tâches périodiques.
2026-09-27 12:01:16,509 - apscheduler.executors.default - INFO - Running job "check_and_send_admin_reminders (trigger: interval[1:00:00], next run at: 2026-09-27 11:01:16 UTC)" (scheduled at 2026-09-27 10:01:16.496455+00:00)
2026-09-27 12:01:16,515 - apscheduler.executors.default - INFO - Job "check_and_send_admin_reminders (trigger: interval[1:00:00], next run at: 2026-09-27 11:01:16 UTC)" executed successfully
2026-09-27 12:01:31,515 - apscheduler.executors.default - INFO - Running job "check_and_auto_archive_demandes (trigger: interval[1:00:00], next run at: 2026-09-27 11:01:31 UTC)" (scheduled at 2026-09-27 10:01:31.498705+00:00)
2026-09-27 12:01:31,523 - apscheduler.executors.default - INFO - Job "check_and_auto_archive_demandes (trigger: interval[1:00:00], next run at: 2026-09-27 11:01:31 UTC)" executed successfully
2026-09-27 12:01:46,514 - apscheduler.executors.default - INFO - Running job "check_and_send_delivery_reminders (trigger: interval[6:00:00], next run at: 2026-09-27 16:01:46 UTC)" (scheduled at 2026-09-27 10:01:46.499066+00:00)
2026-09-27 12:01:46,520 - apscheduler.executors.default - INFO - Job "check_and_send_delivery_reminders (trigger: interval[6:00:00], next run at: 2026-09-27 16:01:46 UTC)" executed successfully
2026-09-27 12:02:16,531 - apscheduler.executors.default - INFO - Running job "check_and_send_unpaid_demande_reminders (trigger: interval[6:00:00], next run at: 2026-09-27 16:02:16 UTC)" (scheduled at 2026-09-27 10:02:16.499799+00:00)
2026-09-27 12:02:16,544 - apscheduler.executors.default - INFO - Job "check_and_send_unpaid_demande_reminders (trigger: interval[6:00:00], next run at: 2026-09-27 16:02:16 UTC)" executed successfully
2026-09-27 12:02:31,516 - apscheduler.executors.default - INFO - Running job "check_and_auto_abandon_expired_remun_demandes (trigger: interval[6:00:00], next run at: 2026-09-27 16:02:31 UTC)" (scheduled at 2026-09-27 10:02:31.500254+00:00)
2026-09-27 12:02:31,520 - apscheduler.executors.default - INFO - Job "check_and_auto_abandon_expired_remun_demandes (trigger: interval[6:00:00], next run at: 2026-09-27 16:02:31 UTC)" executed successfully
2026-09-27 12:02:48,211 - webhook_app - INFO - 📩 Update reçue : ID=816746745, type=autre
2026-09-27 12:02:48,212 - webhook_app - INFO - ✅ Update 816746745 traitée avec succès.
2026-09-27 12:03:44,906 - webhook_app - INFO - 📩 Update reçue : ID=816746746, type=autre
2026-09-27 12:03:44,907 - webhook_app - INFO - ✅ Update 816746746 traitée avec succès.
2026-09-27 12:53:11,857 - webhook_app - INFO - 📩 Update reçue : ID=816746747, type=autre
2026-09-27 12:53:11,858 - webhook_app - INFO - ✅ Update 816746747 traitée avec succès.
2026-09-27 12:53:31,367 - webhook_app - INFO - 📩 Update reçue : ID=816746748, type=autre
2026-09-27 12:53:31,368 - webhook_app - INFO - ✅ Update 816746748 traitée avec succès.
2026-09-27 12:53:39,657 - webhook_app - INFO - 📩 Update reçue : ID=816746749, type=autre
2026-09-27 12:53:39,658 - webhook_app - INFO - ✅ Update 816746749 traitée avec succès.
2026-09-27 13:01:01,459 - webhook_app - INFO - 🚀 Démarrage des tâches périodiques en arrière-plan...
2026-09-27 13:01:01,597 - webhook_app - INFO - 🏁 Fin de l'exécution des tâches périodiques.
2026-09-27 13:01:16,513 - apscheduler.executors.default - INFO - Running job "check_and_send_admin_reminders (trigger: interval[1:00:00], next run at: 2026-09-27 12:01:16 UTC)" (scheduled at 2026-09-27 11:01:16.496455+00:00)
2026-09-27 13:01:16,522 - apscheduler.executors.default - INFO - Job "check_and_send_admin_reminders (trigger: interval[1:00:00], next run at: 2026-09-27 12:01:16 UTC)" executed successfully
2026-09-27 13:01:31,514 - apscheduler.executors.default - INFO - Running job "check_and_auto_archive_demandes (trigger: interval[1:00:00], next run at: 2026-09-27 12:01:31 UTC)" (scheduled at 2026-09-27 11:01:31.498705+00:00)
2026-09-27 13:01:31,524 - apscheduler.executors.default - INFO - Job "check_and_auto_archive_demandes (trigger: interval[1:00:00], next run at: 2026-09-27 12:01:31 UTC)" executed successfully
2026-09-27 13:57:12,205 - webhook_app - INFO - 📩 Update reçue : ID=816746750, type=autre
2026-09-27 13:57:12,206 - webhook_app - INFO - ✅ Update 816746750 traitée avec succès.
2026-09-27 13:57:13,333 - webhook_app - INFO - 📩 Update reçue : ID=816746751, type=autre
2026-09-27 13:57:13,334 - webhook_app - INFO - ✅ Update 816746751 traitée avec succès.
2026-09-27 14:01:01,115 - webhook_app - INFO - 🚀 Démarrage des tâches périodiques en arrière-plan...
2026-09-27 14:01:01,281 - webhook_app - INFO - 🏁 Fin de l'exécution des tâches périodiques.
2026-09-27 14:01:16,512 - apscheduler.executors.default - INFO - Running job "check_and_send_admin_reminders (trigger: interval[1:00:00], next run at: 2026-09-27 13:01:16 UTC)" (scheduled at 2026-09-27 12:01:16.496455+00:00)
2026-09-27 14:01:16,518 - apscheduler.executors.default - INFO - Job "check_and_send_admin_reminders (trigger: interval[1:00:00], next run at: 2026-09-27 13:01:16 UTC)" executed successfully
2026-09-27 14:01:31,514 - apscheduler.executors.default - INFO - Running job "check_and_auto_archive_demandes (trigger: interval[1:00:00], next run at: 2026-09-27 13:01:31 UTC)" (scheduled at 2026-09-27 12:01:31.498705+00:00)
2026-09-27 14:01:31,524 - apscheduler.executors.default - INFO - Job "check_and_auto_archive_demandes (trigger: interval[1:00:00], next run at: 2026-09-27 13:01:31 UTC)" executed successfully
2026-09-27 15:01:04,877 - webhook_app - INFO - 🚀 Démarrage des tâches périodiques en arrière-plan...
2026-09-27 15:01:05,054 - webhook_app - INFO - 🏁 Fin de l'exécution des tâches périodiques.
2026-09-27 15:01:16,509 - apscheduler.executors.default - INFO - Running job "check_and_send_admin_reminders (trigger: interval[1:00:00], next run at: 2026-09-27 14:01:16 UTC)" (scheduled at 2026-09-27 13:01:16.496455+00:00)
2026-09-27 15:01:16,515 - apscheduler.executors.default - INFO - Job "check_and_send_admin_reminders (trigger: interval[1:00:00], next run at: 2026-09-27 14:01:16 UTC)" executed successfully
2026-09-27 15:01:31,515 - apscheduler.executors.default - INFO - Running job "check_and_auto_archive_demandes (trigger: interval[1:00:00], next run at: 2026-09-27 14:01:31 UTC)" (scheduled at 2026-09-27 13:01:31.498705+00:00)
2026-09-27 15:01:31,524 - apscheduler.executors.default - INFO - Job "check_and_auto_archive_demandes (trigger: interval[1:00:00], next run at: 2026-09-27 14:01:31 UTC)" executed successfully
2026-09-27 15:19:23,162 - webhook_app - INFO - 📩 Update reçue : ID=816746752, type=autre
2026-09-27 15:19:23,163 - webhook_app - INFO - ✅ Update 816746752 traitée avec succès.
2026-09-27 15:39:21,680 - config - INFO - Toutes les variables d'environnement requises sont présentes
2026-09-27 15:40:41,740 - webhook_app - INFO - ⚡ Initialisation post-fork du Bot et de l'Event Loop (PID: 2)
2026-09-27 15:40:41,743 - config - INFO - Toutes les variables d'environnement requises sont présentes
2026-09-27 15:40:42,047 - database.connection - INFO - Pool MySQL établi sur paraworld.mysql.eu.pythonanywhere-services.com (base : paraworld$telegramDB) [PID: 2]
2026-09-27 15:40:42,048 - database.connection - INFO - ConnectionManager initialisé avec pool de 2 connexions.
2026-09-27 15:40:42,203 - database.schema - INFO - Vérification et création des tables terminées avec succès.
2026-09-27 15:40:42,208 - config - INFO - Cache rôles chargé : 2 owners, 3 admins (managers) et 1 staff (opérateurs)
2026-09-27 15:40:42,210 - handlers.user.compte - INFO - CompteManager initialisé avec support réglages VIP
2026-09-27 15:40:42,210 - handlers.user.navigation - INFO - NavigationManager initialisé avec support Orientation & Staff
2026-09-27 15:40:42,210 - handlers.user.formulaire - INFO - FormulaireManager initialisé avec support VIP Assignée & Auto-Assign
2026-09-27 15:40:42,210 - handlers.user.demande - INFO - DemandeManager initialisé avec charte graphique unifiée et support RBAC
2026-09-27 15:40:42,210 - handlers.user.edition - INFO - EditionManager initialisé avec support du prix plancher prioritaire et requêtes précompilées
2026-09-27 15:40:42,210 - handlers.staff.suivi - INFO - SuiviManager initialisé avec charte graphique unifiée, confirmation de paiement et surveillance
2026-09-27 15:40:42,211 - handlers.staff.notifs - INFO - NotifsManager initialisé avec support Staff/Admin, Surveillance & Paiement Prio
2026-09-27 15:40:42,211 - handlers.staff.statuts - INFO - StatutsManager initialisé avec support Staff/Admin, Surveillance et Dénouement Période d'essai
2026-09-27 15:40:42,211 - handlers.staff.photos - INFO - PhotosManager initialisé avec supervision hiérarchique
2026-09-27 15:40:42,211 - handlers.staff.notifs - INFO - NotifsManager initialisé avec support Staff/Admin, Surveillance & Paiement Prio
2026-09-27 15:40:42,211 - handlers.staff.dispo - INFO - DispoManager initialisé avec disposition conforme et indicateur de rémunération
2026-09-27 15:40:42,212 - handlers.staff.alias - INFO - AliasManager initialisé avec support Staff/Admin
2026-09-27 15:40:42,212 - handlers.staff.notifs - INFO - NotifsManager initialisé avec support Staff/Admin, Surveillance & Paiement Prio
2026-09-27 15:40:42,212 - handlers.staff.contact - INFO - ContactManager initialisé avec support Multi-Owner
2026-09-27 15:40:42,212 - handlers.staff.profils - INFO - ProfilsManager initialisé avec supervision hiérarchique et contrôle des bannissements
2026-09-27 15:40:42,212 - handlers.staff.archives - INFO - ArchivesManager initialisé avec support double vue (personnelle & générale)
2026-09-27 15:40:42,212 - handlers.staff.alias - INFO - AliasManager initialisé avec support Staff/Admin
2026-09-27 15:40:42,213 - handlers.staff.archives - INFO - ArchivesManager initialisé avec support double vue (personnelle & générale)
2026-09-27 15:40:42,213 - handlers.admin.config - INFO - ConfigManager initialisé avec support Délais, Quotas, Rappels & Rémunération
2026-09-27 15:40:42,213 - handlers.admin.stats - INFO - StatsManager initialisé avec support RBAC
2026-09-27 15:40:42,213 - handlers.admin.bot - INFO - BotManager initialisé avec support Multi-Owner
2026-09-27 15:40:42,213 - handlers.admin.staff - INFO - StaffManager initialisé avec pré-configuration avant validation
2026-09-27 15:40:42,214 - handlers.admin_handlers - INFO - AdminHandlers initialisé avec architecture allégée (Purge, Membres, VIPs isolés).
2026-09-27 15:40:42,416 - root - ERROR - /home/paraworld/teleform/handlers/user/formulaire.py:72: PTBUserWarning: If 'per_message=False', 'CallbackQueryHandler' will not be tracked for every message. Read this FAQ entry to learn more about the per_* settings: https://github.com/python-telegram-bot/python-telegram-bot/wiki/Frequently-Asked-Questions#what-do-the-per_-settings-in-conversationhandler-do.
2026-09-27 15:40:42,417 - root - ERROR -   return ConversationHandler(
2026-09-27 15:40:42,418 - root - ERROR - /home/paraworld/teleform/main.py:215: PTBUserWarning: If 'per_message=False', 'CallbackQueryHandler' will not be tracked for every message. Read this FAQ entry to learn more about the per_* settings: https://github.com/python-telegram-bot/python-telegram-bot/wiki/Frequently-Asked-Questions#what-do-the-per_-settings-in-conversationhandler-do.
2026-09-27 15:40:42,418 - root - ERROR -   modify_alias_conv = ConversationHandler(
2026-09-27 15:40:42,419 - root - ERROR - /home/paraworld/teleform/main.py:231: PTBUserWarning: If 'per_message=False', 'CallbackQueryHandler' will not be tracked for every message. Read this FAQ entry to learn more about the per_* settings: https://github.com/python-telegram-bot/python-telegram-bot/wiki/Frequently-Asked-Questions#what-do-the-per_-settings-in-conversationhandler-do.
2026-09-27 15:40:42,419 - root - ERROR -   contact_owner_conv = ConversationHandler(
2026-09-27 15:40:42,420 - root - ERROR - /home/paraworld/teleform/main.py:250: PTBUserWarning: If 'per_message=False', 'CallbackQueryHandler' will not be tracked for every message. Read this FAQ entry to learn more about the per_* settings: https://github.com/python-telegram-bot/python-telegram-bot/wiki/Frequently-Asked-Questions#what-do-the-per_-settings-in-conversationhandler-do.
2026-09-27 15:40:42,420 - root - ERROR -   owner_reply_conv = ConversationHandler(
2026-09-27 15:40:42,420 - root - ERROR - /home/paraworld/teleform/main.py:266: PTBUserWarning: If 'per_message=False', 'CallbackQueryHandler' will not be tracked for every message. Read this FAQ entry to learn more about the per_* settings: https://github.com/python-telegram-bot/python-telegram-bot/wiki/Frequently-Asked-Questions#what-do-the-per_-settings-in-conversationhandler-do.
2026-09-27 15:40:42,421 - root - ERROR -   add_staff_conv = ConversationHandler(
2026-09-27 15:40:42,421 - root - ERROR - /home/paraworld/teleform/main.py:285: PTBUserWarning: If 'per_message=False', 'CallbackQueryHandler' will not be tracked for every message. Read this FAQ entry to learn more about the per_* settings: https://github.com/python-telegram-bot/python-telegram-bot/wiki/Frequently-Asked-Questions#what-do-the-per_-settings-in-conversationhandler-do.
2026-09-27 15:40:42,421 - root - ERROR -   remove_staff_conv = ConversationHandler(
2026-09-27 15:40:42,422 - root - ERROR - /home/paraworld/teleform/main.py:304: PTBUserWarning: If 'per_message=False', 'CallbackQueryHandler' will not be tracked for every message. Read this FAQ entry to learn more about the per_* settings: https://github.com/python-telegram-bot/python-telegram-bot/wiki/Frequently-Asked-Questions#what-do-the-per_-settings-in-conversationhandler-do.
2026-09-27 15:40:42,422 - root - ERROR -   add_admin_conv = ConversationHandler(
2026-09-27 15:40:42,423 - root - ERROR - /home/paraworld/teleform/main.py:320: PTBUserWarning: If 'per_message=False', 'CallbackQueryHandler' will not be tracked for every message. Read this FAQ entry to learn more about the per_* settings: https://github.com/python-telegram-bot/python-telegram-bot/wiki/Frequently-Asked-Questions#what-do-the-per_-settings-in-conversationhandler-do.
2026-09-27 15:40:42,423 - root - ERROR -   remove_admin_conv = ConversationHandler(
2026-09-27 15:40:42,423 - root - ERROR - /home/paraworld/teleform/main.py:339: PTBUserWarning: If 'per_message=False', 'CallbackQueryHandler' will not be tracked for every message. Read this FAQ entry to learn more about the per_* settings: https://github.com/python-telegram-bot/python-telegram-bot/wiki/Frequently-Asked-Questions#what-do-the-per_-settings-in-conversationhandler-do.
2026-09-27 15:40:42,424 - root - ERROR -   add_vip_conv = ConversationHandler(
2026-09-27 15:40:42,424 - root - ERROR - /home/paraworld/teleform/main.py:359: PTBUserWarning: If 'per_message=False', 'CallbackQueryHandler' will not be tracked for every message. Read this FAQ entry to learn more about the per_* settings: https://github.com/python-telegram-bot/python-telegram-bot/wiki/Frequently-Asked-Questions#what-do-the-per_-settings-in-conversationhandler-do.
2026-09-27 15:40:42,424 - root - ERROR -   remove_vip_conv = ConversationHandler(
2026-09-27 15:40:42,445 - apscheduler.scheduler - INFO - Adding job tentatively -- it will be properly scheduled when the scheduler starts
2026-09-27 15:40:42,446 - apscheduler.scheduler - INFO - Adding job tentatively -- it will be properly scheduled when the scheduler starts
2026-09-27 15:40:42,446 - apscheduler.scheduler - INFO - Adding job tentatively -- it will be properly scheduled when the scheduler starts
2026-09-27 15:40:42,446 - apscheduler.scheduler - INFO - Adding job tentatively -- it will be properly scheduled when the scheduler starts
2026-09-27 15:40:42,447 - apscheduler.scheduler - INFO - Adding job tentatively -- it will be properly scheduled when the scheduler starts
2026-09-27 15:40:42,447 - apscheduler.scheduler - INFO - Adding job tentatively -- it will be properly scheduled when the scheduler starts
2026-09-27 15:40:42,447 - main - INFO - ⏰ Tâches JobQueue configurées et actives.
2026-09-27 15:40:42,483 - httpx - INFO - HTTP Request: POST https://api.telegram.org/bot7580250572:AAHmXuKZGap_jrmDRcgPIK3DhOq1mQ2eb9c/getMe "HTTP/1.1 200 OK"
2026-09-27 15:40:42,485 - apscheduler.scheduler - INFO - Added job "check_and_send_admin_reminders" to job store "default"
2026-09-27 15:40:42,485 - apscheduler.scheduler - INFO - Added job "check_and_auto_archive_demandes" to job store "default"
2026-09-27 15:40:42,485 - apscheduler.scheduler - INFO - Added job "check_and_send_delivery_reminders" to job store "default"
2026-09-27 15:40:42,485 - apscheduler.scheduler - INFO - Added job "check_and_send_paid_delivery_reminders" to job store "default"
2026-09-27 15:40:42,485 - apscheduler.scheduler - INFO - Added job "check_and_send_unpaid_demande_reminders" to job store "default"
2026-09-27 15:40:42,486 - apscheduler.scheduler - INFO - Added job "check_and_auto_abandon_expired_remun_demandes" to job store "default"
2026-09-27 15:40:42,486 - apscheduler.scheduler - INFO - Scheduler started
2026-09-27 15:40:42,486 - telegram.ext.Application - INFO - Application started
2026-09-27 15:40:42,498 - database.connection - ERROR - Erreur SQL dans get_cursor : 1054 (42S22): Unknown column 'date_dernier_rappel' in 'demandes'
2026-09-27 15:40:42,500 - webhook_app - WARNING - Échec vérification schéma SQL cron : 1054 (42S22): Unknown column 'date_dernier_rappel' in 'demandes'
2026-09-27 15:40:42,500 - webhook_app - INFO - ✅ Bot Telegram opérationnel dans le worker PID 2
2026-09-27 15:40:42,501 - webhook_app - INFO - 🚀 Démarrage des tâches périodiques en arrière-plan...
2026-09-27 15:40:42,571 - webhook_app - INFO - 🏁 Fin de l'exécution des tâches périodiques.
2026-09-27 15:40:57,445 - apscheduler.executors.default - INFO - Running job "check_and_send_admin_reminders (trigger: interval[1:00:00], next run at: 2026-09-27 14:40:57 UTC)" (scheduled at 2026-09-27 13:40:57.429356+00:00)
2026-09-27 15:40:57,450 - apscheduler.executors.default - INFO - Job "check_and_send_admin_reminders (trigger: interval[1:00:00], next run at: 2026-09-27 14:40:57 UTC)" executed successfully
2026-09-27 15:41:12,462 - apscheduler.executors.default - INFO - Running job "check_and_auto_archive_demandes (trigger: interval[1:00:00], next run at: 2026-09-27 14:41:12 UTC)" (scheduled at 2026-09-27 13:41:12.446229+00:00)
2026-09-27 15:41:12,467 - apscheduler.executors.default - INFO - Job "check_and_auto_archive_demandes (trigger: interval[1:00:00], next run at: 2026-09-27 14:41:12 UTC)" executed successfully
2026-09-27 15:41:27,462 - apscheduler.executors.default - INFO - Running job "check_and_send_delivery_reminders (trigger: interval[6:00:00], next run at: 2026-09-27 19:41:27 UTC)" (scheduled at 2026-09-27 13:41:27.446533+00:00)
2026-09-27 15:41:27,468 - apscheduler.executors.default - INFO - Job "check_and_send_delivery_reminders (trigger: interval[6:00:00], next run at: 2026-09-27 19:41:27 UTC)" executed successfully
2026-09-27 15:41:42,463 - apscheduler.executors.default - INFO - Running job "check_and_send_paid_delivery_reminders (trigger: interval[1 day, 0:00:00], next run at: 2026-09-28 13:41:42 UTC)" (scheduled at 2026-09-27 13:41:42.446800+00:00)
2026-09-27 15:41:42,467 - apscheduler.executors.default - INFO - Job "check_and_send_paid_delivery_reminders (trigger: interval[1 day, 0:00:00], next run at: 2026-09-28 13:41:42 UTC)" executed successfully
2026-09-27 15:41:57,463 - apscheduler.executors.default - INFO - Running job "check_and_send_unpaid_demande_reminders (trigger: interval[6:00:00], next run at: 2026-09-27 19:41:57 UTC)" (scheduled at 2026-09-27 13:41:57.447196+00:00)
2026-09-27 15:41:57,468 - apscheduler.executors.default - INFO - Job "check_and_send_unpaid_demande_reminders (trigger: interval[6:00:00], next run at: 2026-09-27 19:41:57 UTC)" executed successfully
2026-09-27 15:42:12,464 - apscheduler.executors.default - INFO - Running job "check_and_auto_abandon_expired_remun_demandes (trigger: interval[6:00:00], next run at: 2026-09-27 19:42:12 UTC)" (scheduled at 2026-09-27 13:42:12.447516+00:00)
2026-09-27 15:42:12,468 - apscheduler.executors.default - INFO - Job "check_and_auto_abandon_expired_remun_demandes (trigger: interval[6:00:00], next run at: 2026-09-27 19:42:12 UTC)" executed successfully
2026-09-27 15:50:25,364 - handlers.user_handlers - INFO - 🚀 Exécution de /start pour user_id=1340055152 (Tom)
2026-09-27 15:50:25,739 - httpx - INFO - HTTP Request: POST https://api.telegram.org/bot7580250572:AAHmXuKZGap_jrmDRcgPIK3DhOq1mQ2eb9c/sendMessage "HTTP/1.1 200 OK"
2026-09-27 15:50:25,740 - handlers.user_handlers - INFO - ✅ Message de bienvenue envoyé avec succès à 1340055152
2026-09-27 15:50:30,196 - httpx - INFO - HTTP Request: POST https://api.telegram.org/bot7580250572:AAHmXuKZGap_jrmDRcgPIK3DhOq1mQ2eb9c/answerCallbackQuery "HTTP/1.1 200 OK"
2026-09-27 15:50:30,357 - httpx - INFO - HTTP Request: POST https://api.telegram.org/bot7580250572:AAHmXuKZGap_jrmDRcgPIK3DhOq1mQ2eb9c/editMessageText "HTTP/1.1 200 OK"
2026-09-27 15:50:31,417 - httpx - INFO - HTTP Request: POST https://api.telegram.org/bot7580250572:AAHmXuKZGap_jrmDRcgPIK3DhOq1mQ2eb9c/answerCallbackQuery "HTTP/1.1 200 OK"
2026-09-27 15:50:31,564 - httpx - INFO - HTTP Request: POST https://api.telegram.org/bot7580250572:AAHmXuKZGap_jrmDRcgPIK3DhOq1mQ2eb9c/deleteMessage "HTTP/1.1 200 OK"
2026-09-27 15:50:31,715 - httpx - INFO - HTTP Request: POST https://api.telegram.org/bot7580250572:AAHmXuKZGap_jrmDRcgPIK3DhOq1mQ2eb9c/sendPhoto "HTTP/1.1 200 OK"
2026-09-27 15:50:38,560 - httpx - INFO - HTTP Request: POST https://api.telegram.org/bot7580250572:AAHmXuKZGap_jrmDRcgPIK3DhOq1mQ2eb9c/answerCallbackQuery "HTTP/1.1 200 OK"
2026-09-27 15:50:38,694 - httpx - INFO - HTTP Request: POST https://api.telegram.org/bot7580250572:AAHmXuKZGap_jrmDRcgPIK3DhOq1mQ2eb9c/deleteMessage "HTTP/1.1 200 OK"
2026-09-27 15:50:38,841 - httpx - INFO - HTTP Request: POST https://api.telegram.org/bot7580250572:AAHmXuKZGap_jrmDRcgPIK3DhOq1mQ2eb9c/sendMessage "HTTP/1.1 200 OK"
2026-09-27 15:50:42,307 - httpx - INFO - HTTP Request: POST https://api.telegram.org/bot7580250572:AAHmXuKZGap_jrmDRcgPIK3DhOq1mQ2eb9c/answerCallbackQuery "HTTP/1.1 200 OK"
2026-09-27 15:50:42,442 - httpx - INFO - HTTP Request: POST https://api.telegram.org/bot7580250572:AAHmXuKZGap_jrmDRcgPIK3DhOq1mQ2eb9c/answerCallbackQuery "HTTP/1.1 200 OK"
2026-09-27 15:50:42,586 - httpx - INFO - HTTP Request: POST https://api.telegram.org/bot7580250572:AAHmXuKZGap_jrmDRcgPIK3DhOq1mQ2eb9c/deleteMessage "HTTP/1.1 200 OK"
2026-09-27 15:50:42,735 - httpx - INFO - HTTP Request: POST https://api.telegram.org/bot7580250572:AAHmXuKZGap_jrmDRcgPIK3DhOq1mQ2eb9c/sendPhoto "HTTP/1.1 200 OK"
2026-09-27 15:50:46,189 - httpx - INFO - HTTP Request: POST https://api.telegram.org/bot7580250572:AAHmXuKZGap_jrmDRcgPIK3DhOq1mQ2eb9c/answerCallbackQuery "HTTP/1.1 200 OK"
2026-09-27 15:50:46,325 - httpx - INFO - HTTP Request: POST https://api.telegram.org/bot7580250572:AAHmXuKZGap_jrmDRcgPIK3DhOq1mQ2eb9c/deleteMessage "HTTP/1.1 200 OK"
2026-09-27 15:50:46,484 - httpx - INFO - HTTP Request: POST https://api.telegram.org/bot7580250572:AAHmXuKZGap_jrmDRcgPIK3DhOq1mQ2eb9c/sendMessage "HTTP/1.1 200 OK"
2026-09-27 16:01:05,158 - webhook_app - INFO - 🚀 Démarrage des tâches périodiques en arrière-plan...
2026-09-27 16:01:05,278 - webhook_app - INFO - 🏁 Fin de l'exécution des tâches périodiques.
2026-09-27 16:40:57,530 - apscheduler.executors.default - INFO - Running job "check_and_send_admin_reminders (trigger: interval[1:00:00], next run at: 2026-09-27 15:40:57 UTC)" (scheduled at 2026-09-27 14:40:57.429356+00:00)
2026-09-27 16:40:57,611 - apscheduler.executors.default - INFO - Job "check_and_send_admin_reminders (trigger: interval[1:00:00], next run at: 2026-09-27 15:40:57 UTC)" executed successfully
2026-09-27 16:41:12,461 - apscheduler.executors.default - INFO - Running job "check_and_auto_archive_demandes (trigger: interval[1:00:00], next run at: 2026-09-27 15:41:12 UTC)" (scheduled at 2026-09-27 14:41:12.446229+00:00)
2026-09-27 16:41:12,471 - apscheduler.executors.default - INFO - Job "check_and_auto_archive_demandes (trigger: interval[1:00:00], next run at: 2026-09-27 15:41:12 UTC)" executed successfully
2026-09-27 17:01:06,950 - webhook_app - INFO - 🚀 Démarrage des tâches périodiques en arrière-plan...
2026-09-27 17:01:07,131 - webhook_app - INFO - 🏁 Fin de l'exécution des tâches périodiques.
2026-09-27 17:17:18,081 - config - INFO - Toutes les variables d'environnement requises sont présentes
2026-09-27 17:21:09,808 - config - INFO - Toutes les variables d'environnement requises sont présentes
2026-09-27 17:25:34,007 - config - INFO - Toutes les variables d'environnement requises sont présentes
2026-09-27 17:27:51,686 - webhook_app - INFO - ⚡ Initialisation post-fork du Bot et de l'Event Loop (PID: 2)
2026-09-27 17:27:51,689 - config - INFO - Toutes les variables d'environnement requises sont présentes
2026-09-27 17:27:51,969 - database.connection - INFO - Pool MySQL établi sur paraworld.mysql.eu.pythonanywhere-services.com (base : paraworld$telegramDB) [PID: 2]
2026-09-27 17:27:51,970 - database.connection - INFO - ConnectionManager initialisé avec pool de 2 connexions.
2026-09-27 17:27:52,137 - database.schema - INFO - Auto-migration : colonne ajoutée -> demandes.date_dernier_rappel_staff
2026-09-27 17:27:52,196 - database.schema - INFO - Auto-migration : colonne ajoutée -> users.is_bot_blocked
2026-09-27 17:27:52,291 - database.schema - INFO - Index créé : idx_demandes_cron_pay sur `demandes`
2026-09-27 17:27:52,367 - database.schema - INFO - Index créé : idx_demandes_cron_suivi sur `demandes`
2026-09-27 17:27:52,390 - database.schema - INFO - Vérification et création des tables terminées avec succès.
2026-09-27 17:27:52,396 - config - INFO - Cache rôles chargé : 2 owners, 3 admins (managers) et 1 staff (opérateurs)
2026-09-27 17:27:52,397 - handlers.user.compte - INFO - CompteManager initialisé avec support réglages VIP
2026-09-27 17:27:52,397 - handlers.user.navigation - INFO - NavigationManager initialisé avec support Orientation & Staff
2026-09-27 17:27:52,398 - handlers.user.formulaire - INFO - FormulaireManager initialisé avec support VIP Assignée & Auto-Assign
2026-09-27 17:27:52,398 - handlers.user.demande - INFO - DemandeManager initialisé avec charte graphique unifiée et support RBAC
2026-09-27 17:27:52,398 - handlers.user.edition - INFO - EditionManager initialisé avec support du prix plancher prioritaire et requêtes précompilées
2026-09-27 17:27:52,398 - handlers.staff.suivi - INFO - SuiviManager initialisé avec charte graphique unifiée, confirmation de paiement et surveillance
2026-09-27 17:27:52,399 - handlers.staff.notifs - INFO - NotifsManager initialisé avec support Staff/Admin, Surveillance & Paiement Prio
2026-09-27 17:27:52,399 - handlers.staff.statuts - INFO - StatutsManager initialisé avec support Staff/Admin, Surveillance et Dénouement Période d'essai
2026-09-27 17:27:52,399 - handlers.staff.photos - INFO - PhotosManager initialisé avec supervision hiérarchique
2026-09-27 17:27:52,399 - handlers.staff.notifs - INFO - NotifsManager initialisé avec support Staff/Admin, Surveillance & Paiement Prio
2026-09-27 17:27:52,399 - handlers.staff.dispo - INFO - DispoManager initialisé avec disposition conforme et indicateur de rémunération
2026-09-27 17:27:52,399 - handlers.staff.alias - INFO - AliasManager initialisé avec support Staff/Admin
2026-09-27 17:27:52,400 - handlers.staff.notifs - INFO - NotifsManager initialisé avec support Staff/Admin, Surveillance & Paiement Prio
2026-09-27 17:27:52,400 - handlers.staff.contact - INFO - ContactManager initialisé avec support Multi-Owner
2026-09-27 17:27:52,400 - handlers.staff.profils - INFO - ProfilsManager initialisé avec supervision hiérarchique et contrôle des bannissements
2026-09-27 17:27:52,400 - handlers.staff.archives - INFO - ArchivesManager initialisé avec support double vue (personnelle & générale)
2026-09-27 17:27:52,400 - handlers.staff.alias - INFO - AliasManager initialisé avec support Staff/Admin
2026-09-27 17:27:52,400 - handlers.staff.archives - INFO - ArchivesManager initialisé avec support double vue (personnelle & générale)
2026-09-27 17:27:52,401 - handlers.admin.config - INFO - ConfigManager initialisé avec support Délais, Quotas, Rappels & Rémunération
2026-09-27 17:27:52,401 - handlers.admin.stats - INFO - StatsManager initialisé avec support RBAC
2026-09-27 17:27:52,401 - handlers.admin.bot - INFO - BotManager initialisé avec support Multi-Owner
2026-09-27 17:27:52,401 - handlers.admin.staff - INFO - StaffManager initialisé avec pré-configuration avant validation
2026-09-27 17:27:52,401 - handlers.admin_handlers - INFO - AdminHandlers initialisé avec architecture allégée (Purge, Membres, VIPs isolés).
2026-09-27 17:27:52,580 - root - ERROR - /home/paraworld/teleform/handlers/user/formulaire.py:72: PTBUserWarning: If 'per_message=False', 'CallbackQueryHandler' will not be tracked for every message. Read this FAQ entry to learn more about the per_* settings: https://github.com/python-telegram-bot/python-telegram-bot/wiki/Frequently-Asked-Questions#what-do-the-per_-settings-in-conversationhandler-do.
2026-09-27 17:27:52,581 - root - ERROR -   return ConversationHandler(
2026-09-27 17:27:52,582 - root - ERROR - /home/paraworld/teleform/main.py:218: PTBUserWarning: If 'per_message=False', 'CallbackQueryHandler' will not be tracked for every message. Read this FAQ entry to learn more about the per_* settings: https://github.com/python-telegram-bot/python-telegram-bot/wiki/Frequently-Asked-Questions#what-do-the-per_-settings-in-conversationhandler-do.
2026-09-27 17:27:52,582 - root - ERROR -   modify_alias_conv = ConversationHandler(
2026-09-27 17:27:52,583 - root - ERROR - /home/paraworld/teleform/main.py:234: PTBUserWarning: If 'per_message=False', 'CallbackQueryHandler' will not be tracked for every message. Read this FAQ entry to learn more about the per_* settings: https://github.com/python-telegram-bot/python-telegram-bot/wiki/Frequently-Asked-Questions#what-do-the-per_-settings-in-conversationhandler-do.
2026-09-27 17:27:52,583 - root - ERROR -   contact_owner_conv = ConversationHandler(
2026-09-27 17:27:52,583 - root - ERROR - /home/paraworld/teleform/main.py:253: PTBUserWarning: If 'per_message=False', 'CallbackQueryHandler' will not be tracked for every message. Read this FAQ entry to learn more about the per_* settings: https://github.com/python-telegram-bot/python-telegram-bot/wiki/Frequently-Asked-Questions#what-do-the-per_-settings-in-conversationhandler-do.
2026-09-27 17:27:52,583 - root - ERROR -   owner_reply_conv = ConversationHandler(
2026-09-27 17:27:52,584 - root - ERROR - /home/paraworld/teleform/main.py:269: PTBUserWarning: If 'per_message=False', 'CallbackQueryHandler' will not be tracked for every message. Read this FAQ entry to learn more about the per_* settings: https://github.com/python-telegram-bot/python-telegram-bot/wiki/Frequently-Asked-Questions#what-do-the-per_-settings-in-conversationhandler-do.
2026-09-27 17:27:52,584 - root - ERROR -   add_staff_conv = ConversationHandler(
2026-09-27 17:27:52,584 - root - ERROR - /home/paraworld/teleform/main.py:288: PTBUserWarning: If 'per_message=False', 'CallbackQueryHandler' will not be tracked for every message. Read this FAQ entry to learn more about the per_* settings: https://github.com/python-telegram-bot/python-telegram-bot/wiki/Frequently-Asked-Questions#what-do-the-per_-settings-in-conversationhandler-do.
2026-09-27 17:27:52,584 - root - ERROR -   remove_staff_conv = ConversationHandler(
2026-09-27 17:27:52,585 - root - ERROR - /home/paraworld/teleform/main.py:307: PTBUserWarning: If 'per_message=False', 'CallbackQueryHandler' will not be tracked for every message. Read this FAQ entry to learn more about the per_* settings: https://github.com/python-telegram-bot/python-telegram-bot/wiki/Frequently-Asked-Questions#what-do-the-per_-settings-in-conversationhandler-do.
2026-09-27 17:27:52,585 - root - ERROR -   add_admin_conv = ConversationHandler(
2026-09-27 17:27:52,585 - root - ERROR - /home/paraworld/teleform/main.py:323: PTBUserWarning: If 'per_message=False', 'CallbackQueryHandler' will not be tracked for every message. Read this FAQ entry to learn more about the per_* settings: https://github.com/python-telegram-bot/python-telegram-bot/wiki/Frequently-Asked-Questions#what-do-the-per_-settings-in-conversationhandler-do.
2026-09-27 17:27:52,585 - root - ERROR -   remove_admin_conv = ConversationHandler(
2026-09-27 17:27:52,586 - root - ERROR - /home/paraworld/teleform/main.py:342: PTBUserWarning: If 'per_message=False', 'CallbackQueryHandler' will not be tracked for every message. Read this FAQ entry to learn more about the per_* settings: https://github.com/python-telegram-bot/python-telegram-bot/wiki/Frequently-Asked-Questions#what-do-the-per_-settings-in-conversationhandler-do.
2026-09-27 17:27:52,586 - root - ERROR -   add_vip_conv = ConversationHandler(
2026-09-27 17:27:52,586 - root - ERROR - /home/paraworld/teleform/main.py:362: PTBUserWarning: If 'per_message=False', 'CallbackQueryHandler' will not be tracked for every message. Read this FAQ entry to learn more about the per_* settings: https://github.com/python-telegram-bot/python-telegram-bot/wiki/Frequently-Asked-Questions#what-do-the-per_-settings-in-conversationhandler-do.
2026-09-27 17:27:52,586 - root - ERROR -   remove_vip_conv = ConversationHandler(
2026-09-27 17:27:52,592 - apscheduler.scheduler - INFO - Adding job tentatively -- it will be properly scheduled when the scheduler starts
2026-09-27 17:27:52,592 - apscheduler.scheduler - INFO - Adding job tentatively -- it will be properly scheduled when the scheduler starts
2026-09-27 17:27:52,592 - apscheduler.scheduler - INFO - Adding job tentatively -- it will be properly scheduled when the scheduler starts
2026-09-27 17:27:52,592 - apscheduler.scheduler - INFO - Adding job tentatively -- it will be properly scheduled when the scheduler starts
2026-09-27 17:27:52,593 - apscheduler.scheduler - INFO - Adding job tentatively -- it will be properly scheduled when the scheduler starts
2026-09-27 17:27:52,593 - apscheduler.scheduler - INFO - Adding job tentatively -- it will be properly scheduled when the scheduler starts
2026-09-27 17:27:52,593 - main - INFO - ⏰ Tâches JobQueue configurées et actives.
2026-09-27 17:27:52,593 - bot_app - INFO - Application Telegram initialisée avec succès.
2026-09-27 17:27:52,627 - httpx - INFO - HTTP Request: POST https://api.telegram.org/bot7580250572:AAHmXuKZGap_jrmDRcgPIK3DhOq1mQ2eb9c/getMe "HTTP/1.1 200 OK"
2026-09-27 17:27:52,628 - apscheduler.scheduler - INFO - Added job "check_and_send_admin_reminders" to job store "default"
2026-09-27 17:27:52,629 - apscheduler.scheduler - INFO - Added job "check_and_auto_archive_demandes" to job store "default"
2026-09-27 17:27:52,629 - apscheduler.scheduler - INFO - Added job "check_and_send_delivery_reminders" to job store "default"
2026-09-27 17:27:52,629 - apscheduler.scheduler - INFO - Added job "check_and_send_paid_delivery_reminders" to job store "default"
2026-09-27 17:27:52,629 - apscheduler.scheduler - INFO - Added job "check_and_send_unpaid_demande_reminders" to job store "default"
2026-09-27 17:27:52,630 - apscheduler.scheduler - INFO - Added job "check_and_auto_abandon_expired_remun_demandes" to job store "default"
2026-09-27 17:27:52,630 - apscheduler.scheduler - INFO - Scheduler started
2026-09-27 17:27:52,630 - telegram.ext.Application - INFO - Application started
2026-09-27 17:27:52,630 - webhook_app - INFO - ✅ Bot Telegram opérationnel dans le worker PID 2
2026-09-27 17:27:52,647 - handlers.user_handlers - INFO - 🚀 Exécution de /start pour user_id=1340055152 (Tom)
2026-09-27 17:27:52,814 - httpx - INFO - HTTP Request: POST https://api.telegram.org/bot7580250572:AAHmXuKZGap_jrmDRcgPIK3DhOq1mQ2eb9c/sendMessage "HTTP/1.1 200 OK"
2026-09-27 17:27:52,816 - handlers.user_handlers - INFO - ✅ Message de bienvenue envoyé avec succès à 1340055152
2026-09-27 17:27:54,353 - httpx - INFO - HTTP Request: POST https://api.telegram.org/bot7580250572:AAHmXuKZGap_jrmDRcgPIK3DhOq1mQ2eb9c/answerCallbackQuery "HTTP/1.1 200 OK"
2026-09-27 17:27:54,492 - httpx - INFO - HTTP Request: POST https://api.telegram.org/bot7580250572:AAHmXuKZGap_jrmDRcgPIK3DhOq1mQ2eb9c/answerCallbackQuery "HTTP/1.1 200 OK"
2026-09-27 17:27:54,643 - httpx - INFO - HTTP Request: POST https://api.telegram.org/bot7580250572:AAHmXuKZGap_jrmDRcgPIK3DhOq1mQ2eb9c/deleteMessage "HTTP/1.1 200 OK"
2026-09-27 17:27:54,797 - httpx - INFO - HTTP Request: POST https://api.telegram.org/bot7580250572:AAHmXuKZGap_jrmDRcgPIK3DhOq1mQ2eb9c/sendPhoto "HTTP/1.1 200 OK"
2026-09-27 17:28:07,603 - apscheduler.executors.default - INFO - Running job "check_and_send_admin_reminders (trigger: interval[1:00:00], next run at: 2026-09-27 16:28:07 UTC)" (scheduled at 2026-09-27 15:28:07.590132+00:00)
2026-09-27 17:28:07,629 - apscheduler.executors.default - INFO - Job "check_and_send_admin_reminders (trigger: interval[1:00:00], next run at: 2026-09-27 16:28:07 UTC)" executed successfully
2026-09-27 17:28:22,609 - apscheduler.executors.default - INFO - Running job "check_and_auto_archive_demandes (trigger: interval[1:00:00], next run at: 2026-09-27 16:28:22 UTC)" (scheduled at 2026-09-27 15:28:22.592317+00:00)
2026-09-27 17:28:22,614 - apscheduler.executors.default - INFO - Job "check_and_auto_archive_demandes (trigger: interval[1:00:00], next run at: 2026-09-27 16:28:22 UTC)" executed successfully
2026-09-27 17:28:37,608 - apscheduler.executors.default - INFO - Running job "check_and_send_delivery_reminders (trigger: interval[6:00:00], next run at: 2026-09-27 21:28:37 UTC)" (scheduled at 2026-09-27 15:28:37.592633+00:00)
2026-09-27 17:28:37,614 - apscheduler.executors.default - INFO - Job "check_and_send_delivery_reminders (trigger: interval[6:00:00], next run at: 2026-09-27 21:28:37 UTC)" executed successfully
2026-09-27 17:28:52,609 - apscheduler.executors.default - INFO - Running job "check_and_send_paid_delivery_reminders (trigger: interval[1 day, 0:00:00], next run at: 2026-09-28 15:28:52 UTC)" (scheduled at 2026-09-27 15:28:52.592874+00:00)
2026-09-27 17:28:52,612 - apscheduler.executors.default - INFO - Job "check_and_send_paid_delivery_reminders (trigger: interval[1 day, 0:00:00], next run at: 2026-09-28 15:28:52 UTC)" executed successfully
2026-09-27 17:29:07,608 - apscheduler.executors.default - INFO - Running job "check_and_send_unpaid_demande_reminders (trigger: interval[6:00:00], next run at: 2026-09-27 21:29:07 UTC)" (scheduled at 2026-09-27 15:29:07.593135+00:00)
2026-09-27 17:29:07,618 - apscheduler.executors.default - INFO - Job "check_and_send_unpaid_demande_reminders (trigger: interval[6:00:00], next run at: 2026-09-27 21:29:07 UTC)" executed successfully
2026-09-27 17:29:22,609 - apscheduler.executors.default - INFO - Running job "check_and_auto_abandon_expired_remun_demandes (trigger: interval[6:00:00], next run at: 2026-09-27 21:29:22 UTC)" (scheduled at 2026-09-27 15:29:22.593390+00:00)
2026-09-27 17:29:22,615 - apscheduler.executors.default - INFO - Job "check_and_auto_abandon_expired_remun_demandes (trigger: interval[6:00:00], next run at: 2026-09-27 21:29:22 UTC)" executed successfully
2026-09-27 17:43:53,023 - config - INFO - Toutes les variables d'environnement requises sont présentes
2026-09-27 18:01:03,173 - webhook_app - INFO - ⚡ Initialisation post-fork du Bot et de l'Event Loop (PID: 2)
2026-09-27 18:01:03,177 - config - INFO - Toutes les variables d'environnement requises sont présentes
2026-09-27 18:01:03,868 - database.connection - INFO - Pool MySQL établi sur paraworld.mysql.eu.pythonanywhere-services.com (base : paraworld$telegramDB) [PID: 2]
2026-09-27 18:01:03,868 - database.connection - INFO - ConnectionManager initialisé avec pool de 2 connexions.
2026-09-27 18:01:04,014 - database.schema - INFO - Vérification et création des tables terminées avec succès.
2026-09-27 18:01:04,018 - config - INFO - Cache rôles chargé : 2 owners, 3 admins (managers) et 1 staff (opérateurs)
2026-09-27 18:01:04,020 - handlers.user.compte - INFO - CompteManager initialisé avec support réglages VIP
2026-09-27 18:01:04,020 - handlers.user.navigation - INFO - NavigationManager initialisé avec support Orientation & Staff
2026-09-27 18:01:04,020 - handlers.user.formulaire - INFO - FormulaireManager initialisé avec support VIP Assignée & Auto-Assign
2026-09-27 18:01:04,020 - handlers.user.demande - INFO - DemandeManager initialisé avec charte graphique unifiée et support RBAC
2026-09-27 18:01:04,021 - handlers.user.edition - INFO - EditionManager initialisé avec support du prix plancher prioritaire et requêtes précompilées
2026-09-27 18:01:04,021 - handlers.staff.suivi - INFO - SuiviManager initialisé avec charte graphique unifiée, confirmation de paiement et surveillance
2026-09-27 18:01:04,021 - handlers.staff.notifs - INFO - NotifsManager initialisé avec support Staff/Admin, Surveillance & Paiement Prio
2026-09-27 18:01:04,021 - handlers.staff.statuts - INFO - StatutsManager initialisé avec support Staff/Admin, Surveillance et Dénouement Période d'essai
2026-09-27 18:01:04,021 - handlers.staff.photos - INFO - PhotosManager initialisé avec supervision hiérarchique
2026-09-27 18:01:04,022 - handlers.staff.notifs - INFO - NotifsManager initialisé avec support Staff/Admin, Surveillance & Paiement Prio
2026-09-27 18:01:04,022 - handlers.staff.dispo - INFO - DispoManager initialisé avec disposition conforme et indicateur de rémunération
2026-09-27 18:01:04,022 - handlers.staff.alias - INFO - AliasManager initialisé avec support Staff/Admin
2026-09-27 18:01:04,023 - handlers.staff.notifs - INFO - NotifsManager initialisé avec support Staff/Admin, Surveillance & Paiement Prio
2026-09-27 18:01:04,023 - handlers.staff.contact - INFO - ContactManager initialisé avec support Multi-Owner
2026-09-27 18:01:04,023 - handlers.staff.profils - INFO - ProfilsManager initialisé avec supervision hiérarchique et contrôle des bannissements
2026-09-27 18:01:04,023 - handlers.staff.archives - INFO - ArchivesManager initialisé avec support double vue (personnelle & générale)
2026-09-27 18:01:04,024 - handlers.staff.alias - INFO - AliasManager initialisé avec support Staff/Admin
2026-09-27 18:01:04,024 - handlers.staff.archives - INFO - ArchivesManager initialisé avec support double vue (personnelle & générale)
2026-09-27 18:01:04,024 - handlers.admin.config - INFO - ConfigManager initialisé avec support Délais, Quotas, Rappels & Rémunération
2026-09-27 18:01:04,024 - handlers.admin.stats - INFO - StatsManager initialisé avec support RBAC
2026-09-27 18:01:04,024 - handlers.admin.bot - INFO - BotManager initialisé avec support Multi-Owner et broadcast résilient.
2026-09-27 18:01:04,025 - handlers.admin.staff - INFO - StaffManager initialisé avec pré-configuration avant validation
2026-09-27 18:01:04,025 - handlers.admin_handlers - INFO - AdminHandlers initialisé avec architecture allégée (Purge, Membres, VIPs isolés).
2026-09-27 18:01:04,325 - root - ERROR - /home/paraworld/teleform/handlers/user/formulaire.py:72: PTBUserWarning: If 'per_message=False', 'CallbackQueryHandler' will not be tracked for every message. Read this FAQ entry to learn more about the per_* settings: https://github.com/python-telegram-bot/python-telegram-bot/wiki/Frequently-Asked-Questions#what-do-the-per_-settings-in-conversationhandler-do.
2026-09-27 18:01:04,326 - root - ERROR -   return ConversationHandler(
2026-09-27 18:01:04,328 - root - ERROR - /home/paraworld/teleform/main.py:219: PTBUserWarning: If 'per_message=False', 'CallbackQueryHandler' will not be tracked for every message. Read this FAQ entry to learn more about the per_* settings: https://github.com/python-telegram-bot/python-telegram-bot/wiki/Frequently-Asked-Questions#what-do-the-per_-settings-in-conversationhandler-do.
2026-09-27 18:01:04,328 - root - ERROR -   
2026-09-27 18:01:04,328 - root - ERROR - /home/paraworld/teleform/main.py:237: PTBUserWarning: If 'per_message=False', 'CallbackQueryHandler' will not be tracked for every message. Read this FAQ entry to learn more about the per_* settings: https://github.com/python-telegram-bot/python-telegram-bot/wiki/Frequently-Asked-Questions#what-do-the-per_-settings-in-conversationhandler-do.
2026-09-27 18:01:04,329 - root - ERROR -   
2026-09-27 18:01:04,329 - root - ERROR - /home/paraworld/teleform/main.py:258: PTBUserWarning: If 'per_message=False', 'CallbackQueryHandler' will not be tracked for every message. Read this FAQ entry to learn more about the per_* settings: https://github.com/python-telegram-bot/python-telegram-bot/wiki/Frequently-Asked-Questions#what-do-the-per_-settings-in-conversationhandler-do.
2026-09-27 18:01:04,329 - root - ERROR -   
2026-09-27 18:01:04,330 - root - ERROR - /home/paraworld/teleform/main.py:276: PTBUserWarning: If 'per_message=False', 'CallbackQueryHandler' will not be tracked for every message. Read this FAQ entry to learn more about the per_* settings: https://github.com/python-telegram-bot/python-telegram-bot/wiki/Frequently-Asked-Questions#what-do-the-per_-settings-in-conversationhandler-do.
2026-09-27 18:01:04,330 - root - ERROR -   
2026-09-27 18:01:04,331 - root - ERROR - /home/paraworld/teleform/main.py:297: PTBUserWarning: If 'per_message=False', 'CallbackQueryHandler' will not be tracked for every message. Read this FAQ entry to learn more about the per_* settings: https://github.com/python-telegram-bot/python-telegram-bot/wiki/Frequently-Asked-Questions#what-do-the-per_-settings-in-conversationhandler-do.
2026-09-27 18:01:04,331 - root - ERROR -   
2026-09-27 18:01:04,331 - root - ERROR - /home/paraworld/teleform/main.py:318: PTBUserWarning: If 'per_message=False', 'CallbackQueryHandler' will not be tracked for every message. Read this FAQ entry to learn more about the per_* settings: https://github.com/python-telegram-bot/python-telegram-bot/wiki/Frequently-Asked-Questions#what-do-the-per_-settings-in-conversationhandler-do.
2026-09-27 18:01:04,331 - root - ERROR -   
2026-09-27 18:01:04,332 - root - ERROR - /home/paraworld/teleform/main.py:336: PTBUserWarning: If 'per_message=False', 'CallbackQueryHandler' will not be tracked for every message. Read this FAQ entry to learn more about the per_* settings: https://github.com/python-telegram-bot/python-telegram-bot/wiki/Frequently-Asked-Questions#what-do-the-per_-settings-in-conversationhandler-do.
2026-09-27 18:01:04,332 - root - ERROR -   
2026-09-27 18:01:04,333 - root - ERROR - /home/paraworld/teleform/main.py:357: PTBUserWarning: If 'per_message=False', 'CallbackQueryHandler' will not be tracked for every message. Read this FAQ entry to learn more about the per_* settings: https://github.com/python-telegram-bot/python-telegram-bot/wiki/Frequently-Asked-Questions#what-do-the-per_-settings-in-conversationhandler-do.
2026-09-27 18:01:04,333 - root - ERROR -   
2026-09-27 18:01:04,333 - root - ERROR - /home/paraworld/teleform/main.py:379: PTBUserWarning: If 'per_message=False', 'CallbackQueryHandler' will not be tracked for every message. Read this FAQ entry to learn more about the per_* settings: https://github.com/python-telegram-bot/python-telegram-bot/wiki/Frequently-Asked-Questions#what-do-the-per_-settings-in-conversationhandler-do.
2026-09-27 18:01:04,334 - root - ERROR -   
2026-09-27 18:01:04,342 - apscheduler.scheduler - INFO - Adding job tentatively -- it will be properly scheduled when the scheduler starts
2026-09-27 18:01:04,342 - apscheduler.scheduler - INFO - Adding job tentatively -- it will be properly scheduled when the scheduler starts
2026-09-27 18:01:04,342 - apscheduler.scheduler - INFO - Adding job tentatively -- it will be properly scheduled when the scheduler starts
2026-09-27 18:01:04,343 - apscheduler.scheduler - INFO - Adding job tentatively -- it will be properly scheduled when the scheduler starts
2026-09-27 18:01:04,343 - apscheduler.scheduler - INFO - Adding job tentatively -- it will be properly scheduled when the scheduler starts
2026-09-27 18:01:04,344 - apscheduler.scheduler - INFO - Adding job tentatively -- it will be properly scheduled when the scheduler starts
2026-09-27 18:01:04,344 - main - INFO - ⏰ Tâches JobQueue configurées et actives.
2026-09-27 18:01:04,344 - bot_app - INFO - Application Telegram initialisée avec succès.
2026-09-27 18:01:04,398 - httpx - INFO - HTTP Request: POST https://api.telegram.org/bot7580250572:AAHmXuKZGap_jrmDRcgPIK3DhOq1mQ2eb9c/getMe "HTTP/1.1 200 OK"
2026-09-27 18:01:04,400 - apscheduler.scheduler - INFO - Added job "check_and_send_admin_reminders" to job store "default"
2026-09-27 18:01:04,401 - apscheduler.scheduler - INFO - Added job "check_and_auto_archive_demandes" to job store "default"
2026-09-27 18:01:04,401 - apscheduler.scheduler - INFO - Added job "check_and_send_delivery_reminders" to job store "default"
2026-09-27 18:01:04,401 - apscheduler.scheduler - INFO - Added job "check_and_send_paid_delivery_reminders" to job store "default"
2026-09-27 18:01:04,402 - apscheduler.scheduler - INFO - Added job "check_and_send_unpaid_demande_reminders" to job store "default"
2026-09-27 18:01:04,402 - apscheduler.scheduler - INFO - Added job "check_and_auto_abandon_expired_remun_demandes" to job store "default"
2026-09-27 18:01:04,402 - apscheduler.scheduler - INFO - Scheduler started
2026-09-27 18:01:04,402 - telegram.ext.Application - INFO - Application started
2026-09-27 18:01:04,403 - webhook_app - INFO - ✅ Bot Telegram opérationnel dans le worker PID 2
2026-09-27 18:01:04,426 - database.connection - INFO - Pool MySQL établi sur paraworld.mysql.eu.pythonanywhere-services.com (base : paraworld$telegramDB) [PID: 2]
2026-09-27 18:01:04,426 - database.connection - INFO - ConnectionManager initialisé avec pool de 2 connexions.
2026-09-27 18:01:04,427 - webhook_app - INFO - 🚀 Démarrage des tâches périodiques en arrière-plan...
2026-09-27 18:01:04,428 - jobs.scheduled_tasks - WARNING - Vérification des rappels abandonnée : db_manager introuvable.
2026-09-27 18:01:04,428 - webhook_app - INFO - 🏁 Fin de l'exécution des tâches périodiques.
2026-09-27 18:01:19,345 - apscheduler.executors.default - INFO - Running job "check_and_send_admin_reminders (trigger: interval[1:00:00], next run at: 2026-09-27 17:01:19 UTC)" (scheduled at 2026-09-27 16:01:19.339677+00:00)
2026-09-27 18:01:19,346 - jobs.scheduled_tasks - WARNING - Vérification des rappels abandonnée : db_manager introuvable.
2026-09-27 18:01:19,346 - apscheduler.executors.default - INFO - Job "check_and_send_admin_reminders (trigger: interval[1:00:00], next run at: 2026-09-27 17:01:19 UTC)" executed successfully
2026-09-27 18:01:34,347 - apscheduler.executors.default - INFO - Running job "check_and_auto_archive_demandes (trigger: interval[1:00:00], next run at: 2026-09-27 17:01:34 UTC)" (scheduled at 2026-09-27 16:01:34.342350+00:00)
2026-09-27 18:01:34,348 - apscheduler.executors.default - INFO - Job "check_and_auto_archive_demandes (trigger: interval[1:00:00], next run at: 2026-09-27 17:01:34 UTC)" executed successfully
2026-09-27 18:01:49,348 - apscheduler.executors.default - INFO - Running job "check_and_send_delivery_reminders (trigger: interval[6:00:00], next run at: 2026-09-27 22:01:49 UTC)" (scheduled at 2026-09-27 16:01:49.342766+00:00)
2026-09-27 18:01:49,349 - apscheduler.executors.default - INFO - Job "check_and_send_delivery_reminders (trigger: interval[6:00:00], next run at: 2026-09-27 22:01:49 UTC)" executed successfully
2026-09-27 18:02:04,349 - apscheduler.executors.default - INFO - Running job "check_and_send_paid_delivery_reminders (trigger: interval[1 day, 0:00:00], next run at: 2026-09-28 16:02:04 UTC)" (scheduled at 2026-09-27 16:02:04.343155+00:00)
2026-09-27 18:02:04,351 - apscheduler.executors.default - INFO - Job "check_and_send_paid_delivery_reminders (trigger: interval[1 day, 0:00:00], next run at: 2026-09-28 16:02:04 UTC)" executed successfully
2026-09-27 18:02:19,349 - apscheduler.executors.default - INFO - Running job "check_and_send_unpaid_demande_reminders (trigger: interval[6:00:00], next run at: 2026-09-27 22:02:19 UTC)" (scheduled at 2026-09-27 16:02:19.343574+00:00)
2026-09-27 18:02:19,349 - apscheduler.executors.default - INFO - Job "check_and_send_unpaid_demande_reminders (trigger: interval[6:00:00], next run at: 2026-09-27 22:02:19 UTC)" executed successfully
2026-09-27 18:02:34,350 - apscheduler.executors.default - INFO - Running job "check_and_auto_abandon_expired_remun_demandes (trigger: interval[6:00:00], next run at: 2026-09-27 22:02:34 UTC)" (scheduled at 2026-09-27 16:02:34.344157+00:00)
2026-09-27 18:02:34,350 - apscheduler.executors.default - INFO - Job "check_and_auto_abandon_expired_remun_demandes (trigger: interval[6:00:00], next run at: 2026-09-27 22:02:34 UTC)" executed successfully
2026-09-27 18:05:56,789 - config - INFO - Toutes les variables d'environnement requises sont présentes
2026-09-27 18:09:07,151 - config - INFO - Toutes les variables d'environnement requises sont présentes
2026-09-27 18:09:35,929 - webhook_app - INFO - ⚡ Initialisation post-fork du Bot et de l'Event Loop (PID: 2)
2026-09-27 18:09:35,932 - config - INFO - Toutes les variables d'environnement requises sont présentes
2026-09-27 18:09:36,258 - database.connection - INFO - Pool MySQL établi sur paraworld.mysql.eu.pythonanywhere-services.com (base : paraworld$telegramDB) [PID: 2]
2026-09-27 18:09:36,259 - database.connection - INFO - ConnectionManager initialisé avec pool de 2 connexions.
2026-09-27 18:09:36,388 - database.schema - INFO - Vérification et création des tables terminées avec succès.
2026-09-27 18:09:36,390 - config - INFO - Cache rôles chargé : 2 owners, 3 admins (managers) et 1 staff (opérateurs)
2026-09-27 18:09:36,393 - handlers.user.compte - INFO - CompteManager initialisé avec support réglages VIP
2026-09-27 18:09:36,393 - handlers.user.navigation - INFO - NavigationManager initialisé avec support Orientation & Staff
2026-09-27 18:09:36,394 - handlers.user.formulaire - INFO - FormulaireManager initialisé avec support VIP Assignée & Auto-Assign
2026-09-27 18:09:36,394 - handlers.user.demande - INFO - DemandeManager initialisé avec charte graphique unifiée et support RBAC
2026-09-27 18:09:36,394 - handlers.user.edition - INFO - EditionManager initialisé avec support du prix plancher prioritaire et requêtes précompilées
2026-09-27 18:09:36,395 - handlers.staff.suivi - INFO - SuiviManager initialisé avec charte graphique unifiée, confirmation de paiement et surveillance
2026-09-27 18:09:36,395 - handlers.staff.notifs - INFO - NotifsManager initialisé avec support Staff/Admin, Surveillance & Paiement Prio
2026-09-27 18:09:36,395 - handlers.staff.statuts - INFO - StatutsManager initialisé avec support Staff/Admin, Surveillance et Dénouement Période d'essai
2026-09-27 18:09:36,396 - handlers.staff.photos - INFO - PhotosManager initialisé avec supervision hiérarchique
2026-09-27 18:09:36,396 - handlers.staff.notifs - INFO - NotifsManager initialisé avec support Staff/Admin, Surveillance & Paiement Prio
2026-09-27 18:09:36,396 - handlers.staff.dispo - INFO - DispoManager initialisé avec disposition conforme et indicateur de rémunération
2026-09-27 18:09:36,396 - handlers.staff.alias - INFO - AliasManager initialisé avec support Staff/Admin
2026-09-27 18:09:36,396 - handlers.staff.notifs - INFO - NotifsManager initialisé avec support Staff/Admin, Surveillance & Paiement Prio
2026-09-27 18:09:36,397 - handlers.staff.contact - INFO - ContactManager initialisé avec support Multi-Owner
2026-09-27 18:09:36,397 - handlers.staff.profils - INFO - ProfilsManager initialisé avec supervision hiérarchique et contrôle des bannissements
2026-09-27 18:09:36,397 - handlers.staff.archives - INFO - ArchivesManager initialisé avec support double vue (personnelle & générale)
2026-09-27 18:09:36,398 - handlers.staff.alias - INFO - AliasManager initialisé avec support Staff/Admin
2026-09-27 18:09:36,398 - handlers.staff.archives - INFO - ArchivesManager initialisé avec support double vue (personnelle & générale)
2026-09-27 18:09:36,398 - handlers.admin.config - INFO - ConfigManager initialisé avec support Délais, Quotas, Rappels & Rémunération
2026-09-27 18:09:36,398 - handlers.admin.stats - INFO - StatsManager initialisé avec support RBAC
2026-09-27 18:09:36,399 - handlers.admin.bot - INFO - BotManager initialisé avec support Multi-Owner et broadcast résilient.
2026-09-27 18:09:36,399 - handlers.admin.staff - INFO - StaffManager initialisé avec pré-configuration avant validation
2026-09-27 18:09:36,399 - handlers.admin_handlers - INFO - AdminHandlers initialisé avec architecture allégée (Purge, Membres, VIPs isolés).
2026-09-27 18:09:36,598 - root - ERROR - /home/paraworld/teleform/handlers/user/formulaire.py:72: PTBUserWarning: If 'per_message=False', 'CallbackQueryHandler' will not be tracked for every message. Read this FAQ entry to learn more about the per_* settings: https://github.com/python-telegram-bot/python-telegram-bot/wiki/Frequently-Asked-Questions#what-do-the-per_-settings-in-conversationhandler-do.
2026-09-27 18:09:36,598 - root - ERROR -   return ConversationHandler(
2026-09-27 18:09:36,600 - root - ERROR - /home/paraworld/teleform/main.py:220: PTBUserWarning: If 'per_message=False', 'CallbackQueryHandler' will not be tracked for every message. Read this FAQ entry to learn more about the per_* settings: https://github.com/python-telegram-bot/python-telegram-bot/wiki/Frequently-Asked-Questions#what-do-the-per_-settings-in-conversationhandler-do.
2026-09-27 18:09:36,600 - root - ERROR -   modify_alias_conv = ConversationHandler(
2026-09-27 18:09:36,600 - root - ERROR - /home/paraworld/teleform/main.py:238: PTBUserWarning: If 'per_message=False', 'CallbackQueryHandler' will not be tracked for every message. Read this FAQ entry to learn more about the per_* settings: https://github.com/python-telegram-bot/python-telegram-bot/wiki/Frequently-Asked-Questions#what-do-the-per_-settings-in-conversationhandler-do.
2026-09-27 18:09:36,601 - root - ERROR -   contact_owner_conv = ConversationHandler(
2026-09-27 18:09:36,601 - root - ERROR - /home/paraworld/teleform/main.py:259: PTBUserWarning: If 'per_message=False', 'CallbackQueryHandler' will not be tracked for every message. Read this FAQ entry to learn more about the per_* settings: https://github.com/python-telegram-bot/python-telegram-bot/wiki/Frequently-Asked-Questions#what-do-the-per_-settings-in-conversationhandler-do.
2026-09-27 18:09:36,601 - root - ERROR -   owner_reply_conv = ConversationHandler(
2026-09-27 18:09:36,602 - root - ERROR - /home/paraworld/teleform/main.py:277: PTBUserWarning: If 'per_message=False', 'CallbackQueryHandler' will not be tracked for every message. Read this FAQ entry to learn more about the per_* settings: https://github.com/python-telegram-bot/python-telegram-bot/wiki/Frequently-Asked-Questions#what-do-the-per_-settings-in-conversationhandler-do.
2026-09-27 18:09:36,602 - root - ERROR -   add_staff_conv = ConversationHandler(
2026-09-27 18:09:36,602 - root - ERROR - /home/paraworld/teleform/main.py:298: PTBUserWarning: If 'per_message=False', 'CallbackQueryHandler' will not be tracked for every message. Read this FAQ entry to learn more about the per_* settings: https://github.com/python-telegram-bot/python-telegram-bot/wiki/Frequently-Asked-Questions#what-do-the-per_-settings-in-conversationhandler-do.
2026-09-27 18:09:36,603 - root - ERROR -   remove_staff_conv = ConversationHandler(
2026-09-27 18:09:36,603 - root - ERROR - /home/paraworld/teleform/main.py:319: PTBUserWarning: If 'per_message=False', 'CallbackQueryHandler' will not be tracked for every message. Read this FAQ entry to learn more about the per_* settings: https://github.com/python-telegram-bot/python-telegram-bot/wiki/Frequently-Asked-Questions#what-do-the-per_-settings-in-conversationhandler-do.
2026-09-27 18:09:36,603 - root - ERROR -   add_admin_conv = ConversationHandler(
2026-09-27 18:09:36,603 - root - ERROR - /home/paraworld/teleform/main.py:337: PTBUserWarning: If 'per_message=False', 'CallbackQueryHandler' will not be tracked for every message. Read this FAQ entry to learn more about the per_* settings: https://github.com/python-telegram-bot/python-telegram-bot/wiki/Frequently-Asked-Questions#what-do-the-per_-settings-in-conversationhandler-do.
2026-09-27 18:09:36,604 - root - ERROR -   remove_admin_conv = ConversationHandler(
2026-09-27 18:09:36,604 - root - ERROR - /home/paraworld/teleform/main.py:358: PTBUserWarning: If 'per_message=False', 'CallbackQueryHandler' will not be tracked for every message. Read this FAQ entry to learn more about the per_* settings: https://github.com/python-telegram-bot/python-telegram-bot/wiki/Frequently-Asked-Questions#what-do-the-per_-settings-in-conversationhandler-do.
2026-09-27 18:09:36,604 - root - ERROR -   add_vip_conv = ConversationHandler(
2026-09-27 18:09:36,604 - root - ERROR - /home/paraworld/teleform/main.py:380: PTBUserWarning: If 'per_message=False', 'CallbackQueryHandler' will not be tracked for every message. Read this FAQ entry to learn more about the per_* settings: https://github.com/python-telegram-bot/python-telegram-bot/wiki/Frequently-Asked-Questions#what-do-the-per_-settings-in-conversationhandler-do.
2026-09-27 18:09:36,605 - root - ERROR -   remove_vip_conv = ConversationHandler(
2026-09-27 18:09:36,610 - apscheduler.scheduler - INFO - Adding job tentatively -- it will be properly scheduled when the scheduler starts
2026-09-27 18:09:36,610 - apscheduler.scheduler - INFO - Adding job tentatively -- it will be properly scheduled when the scheduler starts
2026-09-27 18:09:36,610 - apscheduler.scheduler - INFO - Adding job tentatively -- it will be properly scheduled when the scheduler starts
2026-09-27 18:09:36,610 - apscheduler.scheduler - INFO - Adding job tentatively -- it will be properly scheduled when the scheduler starts
2026-09-27 18:09:36,611 - apscheduler.scheduler - INFO - Adding job tentatively -- it will be properly scheduled when the scheduler starts
2026-09-27 18:09:36,611 - apscheduler.scheduler - INFO - Adding job tentatively -- it will be properly scheduled when the scheduler starts
2026-09-27 18:09:36,611 - main - INFO - ⏰ Tâches JobQueue configurées et actives.
2026-09-27 18:09:36,611 - bot_app - INFO - Application Telegram initialisée avec succès.
2026-09-27 18:09:36,649 - httpx - INFO - HTTP Request: POST https://api.telegram.org/bot7580250572:AAHmXuKZGap_jrmDRcgPIK3DhOq1mQ2eb9c/getMe "HTTP/1.1 200 OK"
2026-09-27 18:09:36,651 - apscheduler.scheduler - INFO - Added job "check_and_send_admin_reminders" to job store "default"
2026-09-27 18:09:36,651 - apscheduler.scheduler - INFO - Added job "check_and_auto_archive_demandes" to job store "default"
2026-09-27 18:09:36,652 - apscheduler.scheduler - INFO - Added job "check_and_send_delivery_reminders" to job store "default"
2026-09-27 18:09:36,652 - apscheduler.scheduler - INFO - Added job "check_and_send_paid_delivery_reminders" to job store "default"
2026-09-27 18:09:36,652 - apscheduler.scheduler - INFO - Added job "check_and_send_unpaid_demande_reminders" to job store "default"
2026-09-27 18:09:36,652 - apscheduler.scheduler - INFO - Added job "check_and_auto_abandon_expired_remun_demandes" to job store "default"
2026-09-27 18:09:36,652 - apscheduler.scheduler - INFO - Scheduler started
2026-09-27 18:09:36,653 - telegram.ext.Application - INFO - Application started
2026-09-27 18:09:36,653 - webhook_app - INFO - ✅ Bot Telegram opérationnel dans le worker PID 2
2026-09-27 18:09:36,670 - handlers.user_handlers - INFO - 🚀 Exécution de /start pour user_id=1340055152 (Tom)
2026-09-27 18:09:36,891 - httpx - INFO - HTTP Request: POST https://api.telegram.org/bot7580250572:AAHmXuKZGap_jrmDRcgPIK3DhOq1mQ2eb9c/sendMessage "HTTP/1.1 200 OK"
2026-09-27 18:09:36,893 - handlers.user_handlers - INFO - ✅ Message de bienvenue envoyé avec succès à 1340055152
2026-09-27 18:09:38,411 - httpx - INFO - HTTP Request: POST https://api.telegram.org/bot7580250572:AAHmXuKZGap_jrmDRcgPIK3DhOq1mQ2eb9c/answerCallbackQuery "HTTP/1.1 200 OK"
2026-09-27 18:09:38,562 - httpx - INFO - HTTP Request: POST https://api.telegram.org/bot7580250572:AAHmXuKZGap_jrmDRcgPIK3DhOq1mQ2eb9c/editMessageText "HTTP/1.1 200 OK"
2026-09-27 18:09:39,674 - httpx - INFO - HTTP Request: POST https://api.telegram.org/bot7580250572:AAHmXuKZGap_jrmDRcgPIK3DhOq1mQ2eb9c/answerCallbackQuery "HTTP/1.1 200 OK"
2026-09-27 18:09:39,903 - httpx - INFO - HTTP Request: POST https://api.telegram.org/bot7580250572:AAHmXuKZGap_jrmDRcgPIK3DhOq1mQ2eb9c/editMessageText "HTTP/1.1 200 OK"
2026-09-27 18:09:40,878 - httpx - INFO - HTTP Request: POST https://api.telegram.org/bot7580250572:AAHmXuKZGap_jrmDRcgPIK3DhOq1mQ2eb9c/answerCallbackQuery "HTTP/1.1 200 OK"
2026-09-27 18:09:41,049 - httpx - INFO - HTTP Request: POST https://api.telegram.org/bot7580250572:AAHmXuKZGap_jrmDRcgPIK3DhOq1mQ2eb9c/answerCallbackQuery "HTTP/1.1 200 OK"
2026-09-27 18:09:41,205 - httpx - INFO - HTTP Request: POST https://api.telegram.org/bot7580250572:AAHmXuKZGap_jrmDRcgPIK3DhOq1mQ2eb9c/deleteMessage "HTTP/1.1 200 OK"
2026-09-27 18:09:41,375 - httpx - INFO - HTTP Request: POST https://api.telegram.org/bot7580250572:AAHmXuKZGap_jrmDRcgPIK3DhOq1mQ2eb9c/sendPhoto "HTTP/1.1 200 OK"
2026-09-27 18:09:48,033 - httpx - INFO - HTTP Request: POST https://api.telegram.org/bot7580250572:AAHmXuKZGap_jrmDRcgPIK3DhOq1mQ2eb9c/answerCallbackQuery "HTTP/1.1 200 OK"
2026-09-27 18:09:48,163 - httpx - INFO - HTTP Request: POST https://api.telegram.org/bot7580250572:AAHmXuKZGap_jrmDRcgPIK3DhOq1mQ2eb9c/answerCallbackQuery "HTTP/1.1 200 OK"
2026-09-27 18:09:48,318 - httpx - INFO - HTTP Request: POST https://api.telegram.org/bot7580250572:AAHmXuKZGap_jrmDRcgPIK3DhOq1mQ2eb9c/editMessageMedia "HTTP/1.1 200 OK"
2026-09-27 18:09:50,075 - httpx - INFO - HTTP Request: POST https://api.telegram.org/bot7580250572:AAHmXuKZGap_jrmDRcgPIK3DhOq1mQ2eb9c/answerCallbackQuery "HTTP/1.1 200 OK"
2026-09-27 18:09:50,207 - httpx - INFO - HTTP Request: POST https://api.telegram.org/bot7580250572:AAHmXuKZGap_jrmDRcgPIK3DhOq1mQ2eb9c/answerCallbackQuery "HTTP/1.1 200 OK"
2026-09-27 18:09:50,367 - httpx - INFO - HTTP Request: POST https://api.telegram.org/bot7580250572:AAHmXuKZGap_jrmDRcgPIK3DhOq1mQ2eb9c/editMessageMedia "HTTP/1.1 200 OK"
2026-09-27 18:09:51,610 - apscheduler.executors.default - INFO - Running job "check_and_send_admin_reminders (trigger: interval[1:00:00], next run at: 2026-09-27 17:09:51 UTC)" (scheduled at 2026-09-27 16:09:51.608601+00:00)
2026-09-27 18:09:51,611 - jobs.scheduled_tasks - WARNING - Vérification des rappels abandonnée : db_manager introuvable.
2026-09-27 18:09:51,611 - apscheduler.executors.default - INFO - Job "check_and_send_admin_reminders (trigger: interval[1:00:00], next run at: 2026-09-27 17:09:51 UTC)" executed successfully
2026-09-27 18:09:54,038 - httpx - INFO - HTTP Request: POST https://api.telegram.org/bot7580250572:AAHmXuKZGap_jrmDRcgPIK3DhOq1mQ2eb9c/answerCallbackQuery "HTTP/1.1 200 OK"
2026-09-27 18:09:54,256 - httpx - INFO - HTTP Request: POST https://api.telegram.org/bot7580250572:AAHmXuKZGap_jrmDRcgPIK3DhOq1mQ2eb9c/deleteMessage "HTTP/1.1 200 OK"
2026-09-27 18:09:54,404 - httpx - INFO - HTTP Request: POST https://api.telegram.org/bot7580250572:AAHmXuKZGap_jrmDRcgPIK3DhOq1mQ2eb9c/sendMessage "HTTP/1.1 200 OK"
2026-09-27 18:09:58,311 - httpx - INFO - HTTP Request: POST https://api.telegram.org/bot7580250572:AAHmXuKZGap_jrmDRcgPIK3DhOq1mQ2eb9c/answerCallbackQuery "HTTP/1.1 200 OK"
2026-09-27 18:09:58,470 - httpx - INFO - HTTP Request: POST https://api.telegram.org/bot7580250572:AAHmXuKZGap_jrmDRcgPIK3DhOq1mQ2eb9c/editMessageText "HTTP/1.1 200 OK"
2026-09-27 18:09:59,519 - httpx - INFO - HTTP Request: POST https://api.telegram.org/bot7580250572:AAHmXuKZGap_jrmDRcgPIK3DhOq1mQ2eb9c/answerCallbackQuery "HTTP/1.1 200 OK"
2026-09-27 18:09:59,667 - httpx - INFO - HTTP Request: POST https://api.telegram.org/bot7580250572:AAHmXuKZGap_jrmDRcgPIK3DhOq1mQ2eb9c/deleteMessage "HTTP/1.1 200 OK"
2026-09-27 18:09:59,827 - httpx - INFO - HTTP Request: POST https://api.telegram.org/bot7580250572:AAHmXuKZGap_jrmDRcgPIK3DhOq1mQ2eb9c/sendPhoto "HTTP/1.1 200 OK"
2026-09-27 18:10:06,181 - httpx - INFO - HTTP Request: POST https://api.telegram.org/bot7580250572:AAHmXuKZGap_jrmDRcgPIK3DhOq1mQ2eb9c/answerCallbackQuery "HTTP/1.1 200 OK"
2026-09-27 18:10:06,321 - httpx - INFO - HTTP Request: POST https://api.telegram.org/bot7580250572:AAHmXuKZGap_jrmDRcgPIK3DhOq1mQ2eb9c/deleteMessage "HTTP/1.1 200 OK"
2026-09-27 18:10:06,469 - httpx - INFO - HTTP Request: POST https://api.telegram.org/bot7580250572:AAHmXuKZGap_jrmDRcgPIK3DhOq1mQ2eb9c/sendMessage "HTTP/1.1 200 OK"
2026-09-27 18:10:06,611 - apscheduler.executors.default - INFO - Running job "check_and_auto_archive_demandes (trigger: interval[1:00:00], next run at: 2026-09-27 17:10:06 UTC)" (scheduled at 2026-09-27 16:10:06.610257+00:00)
2026-09-27 18:10:06,611 - apscheduler.executors.default - INFO - Job "check_and_auto_archive_demandes (trigger: interval[1:00:00], next run at: 2026-09-27 17:10:06 UTC)" executed successfully
2026-09-27 18:10:09,976 - httpx - INFO - HTTP Request: POST https://api.telegram.org/bot7580250572:AAHmXuKZGap_jrmDRcgPIK3DhOq1mQ2eb9c/answerCallbackQuery "HTTP/1.1 200 OK"
2026-09-27 18:10:10,136 - httpx - INFO - HTTP Request: POST https://api.telegram.org/bot7580250572:AAHmXuKZGap_jrmDRcgPIK3DhOq1mQ2eb9c/answerCallbackQuery "HTTP/1.1 200 OK"
2026-09-27 18:10:10,284 - httpx - INFO - HTTP Request: POST https://api.telegram.org/bot7580250572:AAHmXuKZGap_jrmDRcgPIK3DhOq1mQ2eb9c/deleteMessage "HTTP/1.1 200 OK"
2026-09-27 18:10:10,448 - httpx - INFO - HTTP Request: POST https://api.telegram.org/bot7580250572:AAHmXuKZGap_jrmDRcgPIK3DhOq1mQ2eb9c/sendPhoto "HTTP/1.1 200 OK"
2026-09-27 18:10:21,615 - apscheduler.executors.default - INFO - Running job "check_and_send_delivery_reminders (trigger: interval[6:00:00], next run at: 2026-09-27 22:10:21 UTC)" (scheduled at 2026-09-27 16:10:21.610550+00:00)
2026-09-27 18:10:21,616 - apscheduler.executors.default - INFO - Job "check_and_send_delivery_reminders (trigger: interval[6:00:00], next run at: 2026-09-27 22:10:21 UTC)" executed successfully
2026-09-27 18:10:36,616 - apscheduler.executors.default - INFO - Running job "check_and_send_paid_delivery_reminders (trigger: interval[1 day, 0:00:00], next run at: 2026-09-28 16:10:36 UTC)" (scheduled at 2026-09-27 16:10:36.610767+00:00)
2026-09-27 18:10:36,616 - apscheduler.executors.default - INFO - Job "check_and_send_paid_delivery_reminders (trigger: interval[1 day, 0:00:00], next run at: 2026-09-28 16:10:36 UTC)" executed successfully
2026-09-27 18:10:51,616 - apscheduler.executors.default - INFO - Running job "check_and_send_unpaid_demande_reminders (trigger: interval[6:00:00], next run at: 2026-09-27 22:10:51 UTC)" (scheduled at 2026-09-27 16:10:51.611011+00:00)
2026-09-27 18:10:51,616 - apscheduler.executors.default - INFO - Job "check_and_send_unpaid_demande_reminders (trigger: interval[6:00:00], next run at: 2026-09-27 22:10:51 UTC)" executed successfully
2026-09-27 18:11:06,616 - apscheduler.executors.default - INFO - Running job "check_and_auto_abandon_expired_remun_demandes (trigger: interval[6:00:00], next run at: 2026-09-27 22:11:06 UTC)" (scheduled at 2026-09-27 16:11:06.611228+00:00)
2026-09-27 18:11:06,616 - apscheduler.executors.default - INFO - Job "check_and_auto_abandon_expired_remun_demandes (trigger: interval[6:00:00], next run at: 2026-09-27 22:11:06 UTC)" executed successfully
